Top pages,Clicks,Impressions,CTR,Position
https://pay-calculator-australia.com/bonus-tax-calculator/,3107,28023,11.09%,3.69
https://pay-calculator-australia.com/fortnightly-pay-calculator/,455,53540,0.85%,5.41
https://pay-calculator-australia.com/junior-pay-rates/,402,92983,0.43%,6.23
https://pay-calculator-australia.com/hourly-to-annual-salary-calculator/,394,66439,0.59%,6.64
https://pay-calculator-australia.com/teacher-pay-australia/qld/,313,18202,1.72%,7.29
https://pay-calculator-australia.com/second-job-tax-calculator/,260,6308,4.12%,6.56
https://pay-calculator-australia.com/public-service-pay-scales/vic/,200,19832,1.01%,6.78
https://pay-calculator-australia.com/backpay-calculator/,190,2037,9.33%,5.36
https://pay-calculator-australia.com/,189,28158,0.67%,7.67
https://pay-calculator-australia.com/public-service-pay-scales/aps/,187,11072,1.69%,7.13
https://pay-calculator-australia.com/pay-rise-calculator/,175,12513,1.4%,5.22
https://pay-calculator-australia.com/weekly-pay-calculator/,169,34953,0.48%,5.73
https://pay-calculator-australia.com/salary-to-hourly/80000/,149,10936,1.36%,3.8
https://pay-calculator-australia.com/public-service-pay-scales/qld/,136,6231,2.18%,7.28
https://pay-calculator-australia.com/hospitality-award-rates/,99,14619,0.68%,7.89
https://pay-calculator-australia.com/contractor-pay-calculator/,91,6478,1.4%,8.57
https://pay-calculator-australia.com/hecs-help-calculator/,90,11099,0.81%,6.37
https://pay-calculator-australia.com/gross-pay-calculator/,83,14534,0.57%,8.48
https://pay-calculator-australia.com/salary-to-hourly/100000/,82,4694,1.75%,3.22
https://pay-calculator-australia.com/public-service-pay-scales/,77,10976,0.7%,7.38
https://pay-calculator-australia.com/mining-fifo-pay-guide/,74,9825,0.75%,8.15
https://pay-calculator-australia.com/retail-award-rates/,73,10628,0.69%,6.5
https://pay-calculator-australia.com/salary-to-hourly/75000/,73,5340,1.37%,3.3
https://pay-calculator-australia.com/redundancy-pay-calculator/,68,6519,1.04%,7.33
https://pay-calculator-australia.com/minimum-wage-history-australia/,65,3335,1.95%,9.95
https://pay-calculator-australia.com/overtime-pay-calculator/,64,6065,1.06%,9.12
https://pay-calculator-australia.com/employment-type-calculator/,62,4119,1.51%,7.59
https://pay-calculator-australia.com/schads-award-pay-rates/,60,6224,0.96%,9.77
https://pay-calculator-australia.com/salary-to-hourly/60000/,51,5334,0.96%,3.97
https://pay-calculator-australia.com/salary-to-hourly/110000/,51,3147,1.62%,3.86
https://pay-calculator-australia.com/leave-calculator/,49,5932,0.83%,9.82
https://pay-calculator-australia.com/centrelink-income-test/,49,5528,0.89%,7.23
https://pay-calculator-australia.com/take-home-pay-on/140000/,48,6347,0.76%,5.81
https://pay-calculator-australia.com/take-home-pay-on/160000/,48,5973,0.8%,5.58
https://pay-calculator-australia.com/superannuation-calculator/,47,15022,0.31%,6.21
https://pay-calculator-australia.com/take-home-pay-on/110000/,46,6194,0.74%,5.47
https://pay-calculator-australia.com/jobseeker-payment-calculator/,46,2257,2.04%,6.86
https://pay-calculator-australia.com/salary-to-hourly/90000/,43,5840,0.74%,4.49
https://pay-calculator-australia.com/fortnightly-tax-table/,42,12590,0.33%,9.66
https://pay-calculator-australia.com/take-home-pay-on/100000/,42,10826,0.39%,6.57
https://pay-calculator-australia.com/take-home-pay-on/130000/,42,6370,0.66%,6.06
https://pay-calculator-australia.com/award-rates/,41,8689,0.47%,12.32
https://pay-calculator-australia.com/take-home-pay-on/65000/,40,6485,0.62%,4.42
https://pay-calculator-australia.com/super-guarantee-rate-history/,39,5246,0.74%,16.81
https://pay-calculator-australia.com/take-home-pay-on/125000/,39,3219,1.21%,5.11
https://pay-calculator-australia.com/take-home-pay-on/180000/,38,5985,0.63%,5.97
https://pay-calculator-australia.com/salary-to-hourly/95000/,38,2372,1.6%,3.87
https://pay-calculator-australia.com/take-home-pay-on/200000/,37,6375,0.58%,6.29
https://pay-calculator-australia.com/take-home-pay-calculator/,35,8622,0.41%,4.76
https://pay-calculator-australia.com/salary-to-hourly/65000/,35,5492,0.64%,4.57
https://pay-calculator-australia.com/take-home-pay-on/95000/,35,4852,0.72%,5.8
https://pay-calculator-australia.com/schedule-5-tax-table/,35,4700,0.74%,7.86
https://pay-calculator-australia.com/teacher-pay-australia/,34,7215,0.47%,7.87
https://pay-calculator-australia.com/sapto-calculator/,34,2984,1.14%,11.58
https://pay-calculator-australia.com/teacher-pay-australia/vic/,34,2360,1.44%,11.06
https://pay-calculator-australia.com/salary-to-hourly/150000/,34,1964,1.73%,4.07
https://pay-calculator-australia.com/employer-cost-calculator/,32,3370,0.95%,11.17
https://pay-calculator-australia.com/final-pay-calculator/,31,1302,2.38%,8.04
https://pay-calculator-australia.com/take-home-pay-on/150000/,30,5963,0.5%,6.33
https://pay-calculator-australia.com/take-home-pay-on/120000/,29,8003,0.36%,6.88
https://pay-calculator-australia.com/take-home-pay-on/85000/,29,4577,0.63%,6.09
https://pay-calculator-australia.com/healthcare-worker-pay/nsw/,29,3636,0.8%,12.99
https://pay-calculator-australia.com/healthcare-worker-pay/vic/,29,3175,0.91%,11.48
https://pay-calculator-australia.com/monthly-tax-table/,29,2838,1.02%,10.21
https://pay-calculator-australia.com/weekly-tax-table/,28,5411,0.52%,13.47
https://pay-calculator-australia.com/take-home-pay-on/75000/,27,7063,0.38%,6.16
https://pay-calculator-australia.com/take-home-pay-on/170000/,27,3845,0.7%,5.17
https://pay-calculator-australia.com/salary-to-hourly/120000/,27,3430,0.79%,4.2
https://pay-calculator-australia.com/teacher-pay-australia/nsw/,27,1517,1.78%,8.27
https://pay-calculator-australia.com/commission-tax-calculator/,27,1282,2.11%,5.89
https://pay-calculator-australia.com/salary-package-calculator/,26,8181,0.32%,11.34
https://pay-calculator-australia.com/tax-on/40000/,26,4047,0.64%,5.4
https://pay-calculator-australia.com/tax-on/50000/,25,5779,0.43%,6.3
https://pay-calculator-australia.com/salary-to-hourly/85000/,25,3996,0.63%,4.24
https://pay-calculator-australia.com/ytd-income-calculator/,25,2356,1.06%,11.31
https://pay-calculator-australia.com/salary-to-hourly/130000/,25,2339,1.07%,4.51
https://pay-calculator-australia.com/tax-on/70000/,24,4996,0.48%,7.33
https://pay-calculator-australia.com/work-hours-calculator/,24,3804,0.63%,7.97
https://pay-calculator-australia.com/monthly-pay-calculator/,23,7535,0.31%,8.29
https://pay-calculator-australia.com/take-home-pay-on/80000/,23,5798,0.4%,6.71
https://pay-calculator-australia.com/take-home-pay-on/70000/,23,4160,0.55%,6.46
https://pay-calculator-australia.com/salary-sacrifice-calculator/,23,3407,0.68%,5.54
https://pay-calculator-australia.com/take-home-pay-on/55000/,22,1748,1.26%,5.15
https://pay-calculator-australia.com/salary-to-hourly/70000/,21,7092,0.3%,5.58
https://pay-calculator-australia.com/zone-tax-offset/,21,4300,0.49%,7.32
https://pay-calculator-australia.com/tax-bracket-history/,21,1401,1.5%,19.41
https://pay-calculator-australia.com/tax-on/60000/,20,7103,0.28%,5.87
https://pay-calculator-australia.com/payg-withholding-tables/,20,3141,0.64%,10.97
https://pay-calculator-australia.com/tax-on/35000/,20,2466,0.81%,5.8
https://pay-calculator-australia.com/tax-on/105000/,19,3303,0.58%,5.65
https://pay-calculator-australia.com/austudy-youth-allowance-calculator/,19,3160,0.6%,8.9
https://pay-calculator-australia.com/take-home-pay-on/135000/,19,2269,0.84%,5.42
https://pay-calculator-australia.com/salary-to-hourly/140000/,19,2160,0.88%,4.72
https://pay-calculator-australia.com/tax-on/65000/,18,4356,0.41%,5.66
https://pay-calculator-australia.com/pay-calculator-nsw/,17,2439,0.7%,13.3
https://pay-calculator-australia.com/tax-on/55000/,16,2684,0.6%,5.89
https://pay-calculator-australia.com/take-home-pay-on/175000/,16,2095,0.76%,5.19
https://pay-calculator-australia.com/payslip-generator/,16,1369,1.17%,16.42
https://pay-calculator-australia.com/tax-on/100000/,15,4416,0.34%,8.58
https://pay-calculator-australia.com/take-home-pay-on/165000/,15,1847,0.81%,4.8
https://pay-calculator-australia.com/take-home-pay-on/145000/,15,1826,0.82%,5.37
https://pay-calculator-australia.com/teacher-pay-australia/tas/,15,1367,1.1%,7.32
https://pay-calculator-australia.com/redundancy-pay-guide/,15,1215,1.23%,16.61
https://pay-calculator-australia.com/teacher-pay-australia/act/,15,1140,1.32%,6.99
https://pay-calculator-australia.com/contractor-vs-employee-calculator/,15,1032,1.45%,6.78
https://pay-calculator-australia.com/tax-on/130000/,14,4510,0.31%,6.51
https://pay-calculator-australia.com/tax-on/75000/,14,3896,0.36%,6.23
https://pay-calculator-australia.com/take-home-pay-on/115000/,14,2823,0.5%,5.69
https://pay-calculator-australia.com/pay-calculator-qld/,14,2442,0.57%,9.74
https://pay-calculator-australia.com/take-home-pay-on/105000/,14,2015,0.69%,4.84
https://pay-calculator-australia.com/tax-on/30000/,13,3201,0.41%,5.88
https://pay-calculator-australia.com/salary-to-hourly/55000/,13,1628,0.8%,4.51
https://pay-calculator-australia.com/age-pension-income-test-calculator/,13,1139,1.14%,41.44
https://pay-calculator-australia.com/annual-pay-calculator/,12,7669,0.16%,10.45
https://pay-calculator-australia.com/tax-on/90000/,12,3984,0.3%,7.13
https://pay-calculator-australia.com/take-home-pay-on/90000/,12,2891,0.42%,6.06
https://pay-calculator-australia.com/tax-on/170000/,12,2823,0.43%,6.26
https://pay-calculator-australia.com/tax-on/125000/,12,2518,0.48%,5.61
https://pay-calculator-australia.com/take-home-pay-on/45000/,12,1443,0.83%,5.53
https://pay-calculator-australia.com/low-income-tax-offset/,12,1211,0.99%,12.73
https://pay-calculator-australia.com/take-home-pay-on/60000/,11,3098,0.36%,6.1
https://pay-calculator-australia.com/salary-to-hourly/200000/,11,1107,0.99%,4.27
https://pay-calculator-australia.com/healthcare-worker-pay/,11,1004,1.1%,8.86
https://pay-calculator-australia.com/hourly-to-salary/48/,11,972,1.13%,4.71
https://pay-calculator-australia.com/extra-super-vs-hecs-repayment/,11,235,4.68%,5.66
https://pay-calculator-australia.com/hourly-to-salary/45/,10,4267,0.23%,6.5
https://pay-calculator-australia.com/salary-to-hourly/50000/,10,1665,0.6%,4.51
https://pay-calculator-australia.com/tax-return-calculator/,10,1389,0.72%,15.03
https://pay-calculator-australia.com/tax-on/150000/,9,5841,0.15%,7.28
https://pay-calculator-australia.com/hourly-to-salary/35/,9,4798,0.19%,6.15
https://pay-calculator-australia.com/understanding-your-payslip/,9,1847,0.49%,8.42
https://pay-calculator-australia.com/pay-calculator-sa/,9,1544,0.58%,7.82
https://pay-calculator-australia.com/long-service-leave-calculator/,9,938,0.96%,26.49
https://pay-calculator-australia.com/tax-on/85000/,8,2355,0.34%,5.91
https://pay-calculator-australia.com/teacher-pay-australia/wa/,8,2175,0.37%,8.8
https://pay-calculator-australia.com/tax-on/115000/,8,1953,0.41%,6.24
https://pay-calculator-australia.com/pay-calculator-wa/,8,1574,0.51%,13.37
https://pay-calculator-australia.com/income-tax-calculator/,8,1167,0.69%,9.95
https://pay-calculator-australia.com/take-home-pay-on/185000/,8,848,0.94%,4.8
https://pay-calculator-australia.com/pay-calculator-nt/,8,499,1.6%,7.92
https://pay-calculator-australia.com/working-holiday-tax/,7,3627,0.19%,9.64
https://pay-calculator-australia.com/tax-on/120000/,7,3349,0.21%,7.36
https://pay-calculator-australia.com/medicare-levy/,7,2898,0.24%,10.59
https://pay-calculator-australia.com/hourly-to-salary/32/,7,2109,0.33%,5.53
https://pay-calculator-australia.com/take-home-pay-on/190000/,7,1083,0.65%,5.27
https://pay-calculator-australia.com/long-service-leave-calculator/tas/,7,425,1.65%,8.67
https://pay-calculator-australia.com/tax-on/110000/,6,3412,0.18%,6.54
https://pay-calculator-australia.com/tax-on/190000/,6,2828,0.21%,6.21
https://pay-calculator-australia.com/construction-trades-pay/,6,2160,0.28%,12.05
https://pay-calculator-australia.com/stsl-on-payslip/,6,2053,0.29%,7.33
https://pay-calculator-australia.com/healthcare-worker-pay/qld/,6,1982,0.3%,13.11
https://pay-calculator-australia.com/tax-on/95000/,6,1964,0.31%,6.47
https://pay-calculator-australia.com/non-resident-tax/,6,1102,0.54%,12.36
https://pay-calculator-australia.com/pay-calculator-vic/,6,1000,0.6%,10.44
https://pay-calculator-australia.com/salary-to-hourly/40000/,6,760,0.79%,5.13
https://pay-calculator-australia.com/news/centrelink-changes-july-2026/,6,522,1.15%,5.52
https://pay-calculator-australia.com/bonus-tax-guide/,6,410,1.46%,12.36
https://pay-calculator-australia.com/tax-brackets/,5,11092,0.05%,26.68
https://pay-calculator-australia.com/tax-on/80000/,5,4410,0.11%,7.51
https://pay-calculator-australia.com/tax-on/45000/,5,2318,0.22%,7.73
https://pay-calculator-australia.com/tax-on/135000/,5,2013,0.25%,6.66
https://pay-calculator-australia.com/overtime-penalty-rates-guide/,5,1679,0.3%,11.63
https://pay-calculator-australia.com/novated-lease-guide/,5,1340,0.37%,27.67
https://pay-calculator-australia.com/take-home-pay-on/155000/,5,1188,0.42%,5.79
https://pay-calculator-australia.com/tax-on/145000/,5,1156,0.43%,6.79
https://pay-calculator-australia.com/take-home-pay-on/30000/,5,1033,0.48%,5.23
https://pay-calculator-australia.com/salary-to-hourly/45000/,5,934,0.54%,6.25
https://pay-calculator-australia.com/hourly-to-salary/46/,5,878,0.57%,5.18
https://pay-calculator-australia.com/tech-salary-guide-australia/,5,660,0.76%,13.2
https://pay-calculator-australia.com/hourly-to-salary/47/,5,655,0.76%,5.35
https://pay-calculator-australia.com/take-home-pay-on/195000/,5,577,0.87%,5.34
https://pay-calculator-australia.com/employee-vs-sole-trader-vs-company/,5,534,0.94%,10.97
https://pay-calculator-australia.com/hourly-to-salary/58/,5,356,1.4%,4.13
https://pay-calculator-australia.com/hourly-to-salary/38-5/,5,264,1.89%,5.45
https://pay-calculator-australia.com/hourly-to-salary/34-5/,5,169,2.96%,5.4
https://pay-calculator-australia.com/hourly-to-salary/30/,4,3174,0.13%,6.9
https://pay-calculator-australia.com/tax-on/140000/,4,2949,0.14%,6.34
https://pay-calculator-australia.com/fringe-benefits-tax/,4,1595,0.25%,24.04
https://pay-calculator-australia.com/hourly-to-salary/37/,4,1544,0.26%,5.77
https://pay-calculator-australia.com/take-home-pay-on/50000/,4,1357,0.29%,4.39
https://pay-calculator-australia.com/take-home-pay-on/40000/,4,939,0.43%,4.45
https://pay-calculator-australia.com/hourly-to-salary/28/,4,897,0.45%,6.37
https://pay-calculator-australia.com/hourly-to-salary/41/,4,693,0.58%,6.05
https://pay-calculator-australia.com/hourly-to-salary/53/,4,509,0.79%,4.73
https://pay-calculator-australia.com/pay-calculator-tas/,4,480,0.83%,13.04
https://pay-calculator-australia.com/hourly-to-salary/56/,4,344,1.16%,4.7
https://pay-calculator-australia.com/hourly-to-salary/62/,4,314,1.27%,3.15
https://pay-calculator-australia.com/hourly-to-salary/57/,4,304,1.32%,4.56
https://pay-calculator-australia.com/gig-economy-pay-guide/,4,291,1.37%,11.91
https://pay-calculator-australia.com/hourly-to-salary/27-81/,4,242,1.65%,4.36
https://pay-calculator-australia.com/hourly-to-salary/63/,4,239,1.67%,4.63
https://pay-calculator-australia.com/hourly-to-salary/33-05/,4,148,2.7%,2.71
https://pay-calculator-australia.com/hourly-to-salary/55-85/,4,105,3.81%,12.77
https://pay-calculator-australia.com/bonus-tax-calculator,4,17,23.53%,1
https://pay-calculator-australia.com/hourly-to-salary/40/,3,4102,0.07%,7.35
https://pay-calculator-australia.com/hourly-to-salary/50/,3,3361,0.09%,7.23
https://pay-calculator-australia.com/hourly-to-salary/55/,3,2690,0.11%,6.58
https://pay-calculator-australia.com/hourly-to-salary/36/,3,2006,0.15%,5.62
https://pay-calculator-australia.com/superannuation-guide/,3,1660,0.18%,43.22
https://pay-calculator-australia.com/hourly-to-salary/38/,3,1505,0.2%,6.94
https://pay-calculator-australia.com/tax-on/180000/,3,1215,0.25%,8.52
https://pay-calculator-australia.com/tax-on/155000/,3,845,0.36%,7.64
https://pay-calculator-australia.com/tax-on/185000/,3,798,0.38%,7.08
https://pay-calculator-australia.com/healthcare-worker-pay/sa/,3,781,0.38%,11.01
https://pay-calculator-australia.com/tax-on/160000/,3,725,0.41%,6.51
https://pay-calculator-australia.com/salary-packaging-guide/,3,699,0.43%,30.42
https://pay-calculator-australia.com/retail-hospitality-pay-guide/,3,669,0.45%,19.93
https://pay-calculator-australia.com/annual-leave-guide/,3,656,0.46%,14.93
https://pay-calculator-australia.com/hourly-to-salary/29/,3,609,0.49%,5.68
https://pay-calculator-australia.com/pay-calculator-act/,3,446,0.67%,7.66
https://pay-calculator-australia.com/hourly-to-salary/37-5/,3,371,0.81%,4.68
https://pay-calculator-australia.com/healthcare-worker-pay/wa/,3,282,1.06%,7.35
https://pay-calculator-australia.com/hourly-to-salary/26-44/,3,261,1.15%,3.73
https://pay-calculator-australia.com/news/hecs-indexation-2026/,3,247,1.21%,6.17
https://pay-calculator-australia.com/hourly-to-salary/46-7/,3,223,1.35%,2.94
https://pay-calculator-australia.com/hourly-to-salary/36-5/,3,208,1.44%,4.94
https://pay-calculator-australia.com/novated-lease-calculator/,3,181,1.66%,10.15
https://pay-calculator-australia.com/hourly-to-salary/72/,3,180,1.67%,5.13
https://pay-calculator-australia.com/hourly-to-salary/32-5/,3,151,1.99%,4.15
https://pay-calculator-australia.com/hourly-to-salary/33-5/,3,142,2.11%,4.44
https://pay-calculator-australia.com/hourly-to-salary/41-5/,3,120,2.5%,4.62
https://pay-calculator-australia.com/hourly-to-salary/43-5/,3,120,2.5%,5.95
https://pay-calculator-australia.com/hourly-to-salary/33-99/,3,89,3.37%,5.11
https://pay-calculator-australia.com/salary-sacrifice-guide/,2,2134,0.09%,58.65
https://pay-calculator-australia.com/tax-on/200000/,2,2045,0.1%,7.46
https://pay-calculator-australia.com/hourly-to-salary/33/,2,1905,0.1%,6.92
https://pay-calculator-australia.com/hourly-to-salary/70/,2,1503,0.13%,6.5
https://pay-calculator-australia.com/hourly-to-salary/80/,2,868,0.23%,7.75
https://pay-calculator-australia.com/hourly-to-salary/43/,2,822,0.24%,7.51
https://pay-calculator-australia.com/notice-of-assessment/,2,798,0.25%,17.03
https://pay-calculator-australia.com/hourly-to-salary/27/,2,779,0.26%,5.94
https://pay-calculator-australia.com/teacher-pay-australia/sa/,2,754,0.27%,8.49
https://pay-calculator-australia.com/hourly-to-salary/52/,2,673,0.3%,8.01
https://pay-calculator-australia.com/salary-to-hourly/30000/,2,523,0.38%,5.9
https://pay-calculator-australia.com/tax-calendar/,2,517,0.39%,28.53
https://pay-calculator-australia.com/news/new-minimum-wage-take-home-pay/,2,445,0.45%,5.56
https://pay-calculator-australia.com/salary-vs-hourly/,2,439,0.46%,13.77
https://pay-calculator-australia.com/hourly-to-salary/51/,2,382,0.52%,4.75
https://pay-calculator-australia.com/news/centrelink-payment-increase-january-2026/,2,357,0.56%,6.66
https://pay-calculator-australia.com/hourly-to-salary/49/,2,289,0.69%,5.2
https://pay-calculator-australia.com/news/medicare-levy-thresholds-2026/,2,280,0.71%,8.37
https://pay-calculator-australia.com/hourly-to-salary/42-5/,2,163,1.23%,4.21
https://pay-calculator-australia.com/hourly-to-salary/86/,2,153,1.31%,3.9
https://pay-calculator-australia.com/hourly-to-salary/26-5/,2,150,1.33%,9.03
https://pay-calculator-australia.com/hourly-to-salary/27-97/,2,145,1.38%,3.75
https://pay-calculator-australia.com/hourly-to-salary/59/,2,144,1.39%,4.18
https://pay-calculator-australia.com/hourly-to-salary/29-5/,2,141,1.42%,6.04
https://pay-calculator-australia.com/hourly-to-salary/71/,2,135,1.48%,3.96
https://pay-calculator-australia.com/hourly-to-salary/44-5/,2,113,1.77%,6.63
https://pay-calculator-australia.com/hourly-to-salary/53-43/,2,103,1.94%,2.87
https://pay-calculator-australia.com/news/c13-classification-phase-out/,2,98,2.04%,4.8
https://pay-calculator-australia.com/hourly-to-salary/77/,2,87,2.3%,3.76
https://pay-calculator-australia.com/hourly-to-salary/28-45/,2,81,2.47%,8.65
https://pay-calculator-australia.com/hourly-to-salary/74/,2,78,2.56%,5.31
https://pay-calculator-australia.com/hourly-to-salary/79/,2,72,2.78%,5.31
https://pay-calculator-australia.com/first-job-pay-guide/,2,59,3.39%,8.92
https://pay-calculator-australia.com/hourly-to-salary/87/,2,52,3.85%,4.27
https://pay-calculator-australia.com/hourly-to-salary/92/,2,42,4.76%,5.07
https://pay-calculator-australia.com/hourly-to-salary/54-58/,2,41,4.88%,2.68
https://pay-calculator-australia.com/hourly-to-salary/91/,2,34,5.88%,6.09
https://pay-calculator-australia.com/hourly-to-salary/39-13/,2,33,6.06%,3.97
https://pay-calculator-australia.com/take-home-pay-on/130000,2,27,7.41%,1.59
https://www.pay-calculator-australia.com/,2,20,10%,5.6
https://pay-calculator-australia.com/hecs-repayment-threshold/,1,2526,0.04%,12.76
https://pay-calculator-australia.com/hourly-to-salary/60/,1,2179,0.05%,7.1
https://pay-calculator-australia.com/hourly-to-salary/65/,1,1477,0.07%,6.62
https://pay-calculator-australia.com/private-health-insurance-medicare/,1,1285,0.08%,60.84
https://pay-calculator-australia.com/parental-leave-pay/,1,804,0.12%,11.7
https://pay-calculator-australia.com/hourly-to-salary/31/,1,798,0.13%,6.21
https://pay-calculator-australia.com/hourly-to-salary/25/,1,635,0.16%,6.31
https://pay-calculator-australia.com/tax-on/175000/,1,498,0.2%,8.39
https://pay-calculator-australia.com/take-home-pay-on/35000/,1,473,0.21%,5.27
https://pay-calculator-australia.com/hourly-to-salary/90/,1,429,0.23%,5.89
https://pay-calculator-australia.com/full-time-vs-part-time-vs-casual/,1,381,0.26%,22.29
https://pay-calculator-australia.com/work-from-home-deductions/,1,365,0.27%,29.49
https://pay-calculator-australia.com/tax-refund-guide/,1,341,0.29%,17.92
https://pay-calculator-australia.com/average-salary-australia/,1,338,0.3%,14.42
https://pay-calculator-australia.com/hourly-to-salary/85/,1,324,0.31%,5.71
https://pay-calculator-australia.com/contractor-vs-employee/,1,240,0.42%,27.92
https://pay-calculator-australia.com/hourly-to-salary/61/,1,231,0.43%,4.91
https://pay-calculator-australia.com/hourly-to-salary/68/,1,222,0.45%,4.13
https://pay-calculator-australia.com/hourly-to-salary/21/,1,209,0.48%,5.85
https://pay-calculator-australia.com/hourly-to-salary/95/,1,203,0.49%,5.22
https://pay-calculator-australia.com/hourly-to-salary/64/,1,191,0.52%,3.72
https://pay-calculator-australia.com/hourly-to-salary/66/,1,191,0.52%,4.41
https://pay-calculator-australia.com/news/hecs-repayment-threshold-2026-27/,1,155,0.65%,4.5
https://pay-calculator-australia.com/teacher-pay-australia/nt/,1,149,0.67%,6.23
https://pay-calculator-australia.com/hourly-to-salary/67/,1,143,0.7%,5.25
https://pay-calculator-australia.com/hourly-to-salary/73/,1,142,0.7%,3.56
https://pay-calculator-australia.com/hourly-to-salary/69/,1,136,0.74%,4.54
https://pay-calculator-australia.com/hourly-to-salary/47-5/,1,133,0.75%,6.71
https://pay-calculator-australia.com/hourly-to-salary/28-5/,1,125,0.8%,9.03
https://pay-calculator-australia.com/hourly-to-salary/27-08/,1,106,0.94%,3.6
https://pay-calculator-australia.com/hourly-to-salary/46-5/,1,105,0.95%,7.56
https://pay-calculator-australia.com/hourly-to-salary/78/,1,103,0.97%,3.47
https://pay-calculator-australia.com/hourly-to-salary/40-49/,1,93,1.08%,9.08
https://pay-calculator-australia.com/hourly-to-salary/43-42/,1,90,1.11%,4.79
https://pay-calculator-australia.com/long-service-leave-calculator/vic/,1,88,1.14%,19.08
https://pay-calculator-australia.com/hourly-to-salary/42/,1,86,1.16%,7.29
https://pay-calculator-australia.com/hourly-to-salary/49-5/,1,74,1.35%,7.78
https://pay-calculator-australia.com/hourly-to-salary/31-11/,1,72,1.39%,3.99
https://pay-calculator-australia.com/hourly-to-salary/36-22/,1,71,1.41%,3.72
https://pay-calculator-australia.com/hourly-to-salary/23-5/,1,70,1.43%,9.19
https://pay-calculator-australia.com/hourly-to-salary/28-44/,1,68,1.47%,4.16
https://pay-calculator-australia.com/hourly-to-salary/83/,1,67,1.49%,6.03
https://pay-calculator-australia.com/hourly-to-salary/25-74/,1,67,1.49%,6.36
https://pay-calculator-australia.com/hourly-to-salary/30-5/,1,64,1.56%,12.92
https://pay-calculator-australia.com/hourly-to-salary/41-66/,1,52,1.92%,5.71
https://pay-calculator-australia.com/news/deeming-rates-change-2026/,1,51,1.96%,9.9
https://pay-calculator-australia.com/hourly-to-salary/93/,1,47,2.13%,3.09
https://pay-calculator-australia.com/news/tax-time-2026-whats-new/,1,40,2.5%,16.8
https://pay-calculator-australia.com/take-home-pay-on/120000,1,31,3.23%,1
https://pay-calculator-australia.com/hourly-to-salary/97/,1,30,3.33%,3.8
https://pay-calculator-australia.com/take-home-pay-on/75000,1,27,3.7%,1.11
https://pay-calculator-australia.com/take-home-pay-on/90000,1,26,3.85%,1.08
https://pay-calculator-australia.com/take-home-pay-on/65000,1,24,4.17%,1.08
https://pay-calculator-australia.com/hourly-to-salary/29-45/,1,22,4.55%,1.86
https://pay-calculator-australia.com/hourly-to-salary/40-58/,1,20,5%,6.65
https://pay-calculator-australia.com/take-home-pay-on/85000,1,12,8.33%,1
https://pay-calculator-australia.com/public-service-salaries/vic/,1,10,10%,1.4
https://pay-calculator-australia.com/tax-on/135000,1,7,14.29%,1
https://pay-calculator-australia.com/take-home-pay-calculator,1,6,16.67%,1
https://pay-calculator-australia.com/take-home-pay-on/50000,1,6,16.67%,1
https://pay-calculator-australia.com/news/payday-super-employees-payslip/,1,3,33.33%,5.67
https://pay-calculator-australia.com/take-on/135000/,1,2,50%,1
"https://pay-calculator-australia.com/annual-pay-calculator/></_>""",1,1,100%,1
https://pay-calculator-australia.com/contractor-v-employee-calculator/,1,1,100%,1
https://pay-calculator-australia.com/pay-rise-authorization,1,1,100%,1
https://pay-calculator-australia.com/take-home-pay-on/200000/200000,1,1,100%,1
https://pay-calculator-australia.com/tax-on/165000,1,1,100%,1
https://pay-calculator-australia.com/tax-on/70000/1,1,1,100%,1
https://pay-calculator-australia.com/hourly-to-salary/75/,0,895,0%,6.82
https://pay-calculator-australia.com/hourly-to-salary/34/,0,863,0%,6.14
https://pay-calculator-australia.com/tax-file-number-declaration/,0,647,0%,19.85
https://pay-calculator-australia.com/hourly-to-salary/26/,0,558,0%,5.9
https://pay-calculator-australia.com/tax-on/165000/,0,544,0%,7.75
https://pay-calculator-australia.com/hecs-help-guide/,0,500,0%,37.24
https://pay-calculator-australia.com/super-co-contribution/,0,475,0%,55.57
https://pay-calculator-australia.com/hourly-to-salary/20/,0,446,0%,6.15
https://pay-calculator-australia.com/hourly-to-salary/54/,0,391,0%,4.14
https://pay-calculator-australia.com/division-293-tax/,0,378,0%,50.32
https://pay-calculator-australia.com/stage-3-tax-cuts/,0,377,0%,25.94
https://pay-calculator-australia.com/tax-changes-2026-27/,0,348,0%,11.23
https://pay-calculator-australia.com/healthcare-worker-pay/tas/,0,232,0%,8.38
https://pay-calculator-australia.com/capital-gains-tax-calculator/,0,218,0%,15.63
https://pay-calculator-australia.com/tax-on/195000/,0,199,0%,6.22
https://pay-calculator-australia.com/salary-sacrifice-vs-mortgage/,0,193,0%,33.62
https://pay-calculator-australia.com/long-service-leave-calculator/act/,0,187,0%,48.75
https://pay-calculator-australia.com/super-guarantee-charge/,0,178,0%,21.8
https://pay-calculator-australia.com/tax-deductions-guide/,0,177,0%,26.49
https://pay-calculator-australia.com/hourly-to-salary/45-5/,0,175,0%,14.02
https://pay-calculator-australia.com/site-directory/,0,175,0%,30.06
https://pay-calculator-australia.com/hourly-to-salary/23/,0,168,0%,5.96
https://pay-calculator-australia.com/hourly-to-salary/35-5/,0,165,0%,8.38
https://pay-calculator-australia.com/hourly-to-salary/40-5/,0,153,0%,14.42
https://pay-calculator-australia.com/long-service-leave-calculator/sa/,0,149,0%,33.96
https://pay-calculator-australia.com/new-job-checklist/,0,139,0%,30.04
https://pay-calculator-australia.com/news/super-contribution-caps-2026-27/,0,132,0%,53.15
https://pay-calculator-australia.com/hourly-to-salary/24/,0,124,0%,5.8
https://pay-calculator-australia.com/hourly-to-salary/24-95/,0,120,0%,7.53
https://pay-calculator-australia.com/hourly-to-salary/31-5/,0,118,0%,7.67
https://pay-calculator-australia.com/hourly-to-salary/39-5/,0,110,0%,5.94
https://pay-calculator-australia.com/hourly-to-salary/48-5/,0,110,0%,9.1
https://pay-calculator-australia.com/news/age-pension-increase-march-2026/,0,108,0%,9.97
https://pay-calculator-australia.com/hourly-to-salary/22/,0,97,0%,5.75
https://pay-calculator-australia.com/hourly-to-salary/37-36/,0,87,0%,4.6
https://pay-calculator-australia.com/hourly-to-salary/28-89/,0,87,0%,7.3
https://pay-calculator-australia.com/hourly-to-salary/30-36/,0,79,0%,4.97
https://pay-calculator-australia.com/hourly-to-salary/88/,0,75,0%,4.83
https://pay-calculator-australia.com/hourly-to-salary/76/,0,72,0%,3.07
https://pay-calculator-australia.com/long-service-leave-calculator/wa/,0,72,0%,10.26
https://pay-calculator-australia.com/take-home-pay-on/70000,0,70,0%,1.11
https://pay-calculator-australia.com/news/july-1-2026-money-changes/,0,70,0%,11.99
https://pay-calculator-australia.com/hourly-to-salary/22-5/,0,67,0%,5.94
https://pay-calculator-australia.com/hourly-to-salary/60-95/,0,64,0%,3.05
https://pay-calculator-australia.com/hourly-to-salary/82/,0,64,0%,4.3
https://pay-calculator-australia.com/hourly-to-salary/81/,0,63,0%,4.24
https://pay-calculator-australia.com/news/tax-cut-july-2026/,0,60,0%,4.9
https://pay-calculator-australia.com/news/1000-dollar-instant-tax-deduction/,0,60,0%,7.18
https://pay-calculator-australia.com/hourly-to-salary/84/,0,58,0%,3.53
https://pay-calculator-australia.com/hourly-to-salary/94/,0,54,0%,5.46
https://pay-calculator-australia.com/hourly-to-salary/47-92/,0,53,0%,4.74
https://pay-calculator-australia.com/hourly-to-salary/42-55/,0,52,0%,5.5
https://pay-calculator-australia.com/hourly-to-salary/27-28/,0,52,0%,13
https://pay-calculator-australia.com/hourly-to-salary/32-13/,0,51,0%,3.02
https://pay-calculator-australia.com/hourly-to-salary/36-23/,0,51,0%,3.69
https://pay-calculator-australia.com/hourly-to-salary/37-68/,0,51,0%,4.16
https://pay-calculator-australia.com/hourly-to-salary/27-55/,0,51,0%,7.84
https://pay-calculator-australia.com/hourly-to-salary/25-5/,0,51,0%,14.08
https://pay-calculator-australia.com/hourly-to-salary/39/,0,50,0%,8.12
https://pay-calculator-australia.com/hourly-to-salary/24-5/,0,49,0%,6.94
https://pay-calculator-australia.com/hourly-to-salary/34-42/,0,47,0%,4.79
https://pay-calculator-australia.com/hourly-to-salary/32-77/,0,47,0%,5.06
https://pay-calculator-australia.com/hourly-to-salary/39-53/,0,46,0%,4.3
https://pay-calculator-australia.com/long-service-leave-calculator/nt/,0,45,0%,22.8
https://pay-calculator-australia.com/hourly-to-salary/32-67/,0,44,0%,3.68
https://pay-calculator-australia.com/news/hecs-20-percent-cut-status/,0,44,0%,21.82
https://pay-calculator-australia.com/hourly-to-salary/63-13/,0,43,0%,4.19
https://pay-calculator-australia.com/hourly-to-salary/58-37/,0,43,0%,7.4
https://pay-calculator-australia.com/hourly-to-salary/21-5/,0,43,0%,9.7
https://pay-calculator-australia.com/hourly-to-salary/28-86/,0,42,0%,5.1
https://pay-calculator-australia.com/hourly-to-salary/35-81/,0,41,0%,4.12
https://pay-calculator-australia.com/hourly-to-salary/98/,0,40,0%,4.38
https://pay-calculator-australia.com/hourly-to-salary/89/,0,38,0%,5.08
https://pay-calculator-australia.com/hourly-to-salary/49-16/,0,37,0%,3.08
https://pay-calculator-australia.com/hourly-to-salary/100/,0,36,0%,6.97
https://pay-calculator-australia.com/long-service-leave-calculator/qld/,0,35,0%,7.34
https://pay-calculator-australia.com/hourly-to-salary/30-66/,0,33,0%,3.3
https://pay-calculator-australia.com/news/award-wage-increase-2026-industries/,0,32,0%,15.44
https://pay-calculator-australia.com/news/payday-super-starts-july-2026/,0,32,0%,48.06
https://pay-calculator-australia.com/hourly-to-salary/71-19/,0,31,0%,3.42
https://pay-calculator-australia.com/hourly-to-salary/29-06/,0,31,0%,3.77
https://pay-calculator-australia.com/hourly-to-salary/27-5/,0,30,0%,8.7
https://pay-calculator-australia.com/hourly-to-salary/68-49/,0,28,0%,3.89
https://pay-calculator-australia.com/news/minimum-wage-increase-july-2026/,0,27,0%,25.07
https://pay-calculator-australia.com/hourly-to-salary/59-66/,0,25,0%,4.92
https://pay-calculator-australia.com/hourly-to-salary/69-84/,0,24,0%,3.79
https://pay-calculator-australia.com/hourly-to-salary/20-5/,0,24,0%,12.67
https://pay-calculator-australia.com/hourly-to-salary/96/,0,23,0%,4.48
https://pay-calculator-australia.com/take-home-pay-on/110000,0,20,0%,1.15
https://pay-calculator-australia.com/hourly-to-salary/64-46/,0,20,0%,8.3
https://pay-calculator-australia.com/take-home-pay-on/140000,0,19,0%,1
https://pay-calculator-australia.com/take-home-pay-on/200000,0,19,0%,1
https://pay-calculator-australia.com/take-home-pay-on/60000,0,18,0%,1.06
https://pay-calculator-australia.com/hourly-to-salary/99/,0,18,0%,12.11
https://pay-calculator-australia.com/take-home-pay-on/95000,0,17,0%,1.06
https://pay-calculator-australia.com/news/,0,17,0%,6.18
https://pay-calculator-australia.com/hourly-to-salary/32-61/,0,16,0%,4.19
https://pay-calculator-australia.com/contact/,0,16,0%,7.38
https://pay-calculator-australia.com/take-home-pay-on/,0,15,0%,1
https://pay-calculator-australia.com/take-home-pay-on/160000,0,15,0%,1
https://pay-calculator-australia.com/about/,0,15,0%,5.6
https://pay-calculator-australia.com/take-home-pay-on/100000,0,14,0%,1
https://pay-calculator-australia.com/take-home-pay-on/135000,0,14,0%,1
https://pay-calculator-australia.com/tax-on/105000,0,14,0%,1
https://pay-calculator-australia.com/take-home-pay-on/170000,0,13,0%,1
https://pay-calculator-australia.com/tax-on/70000,0,13,0%,1
https://pay-calculator-australia.com/news/hecs-marginal-repayment-first-tax-time/,0,13,0%,7.69
https://pay-calculator-australia.com/take-home-pay-on/80000,0,12,0%,1
https://pay-calculator-australia.com/tax-on/95000,0,12,0%,1
https://pay-calculator-australia.com/take-home-pay-on/180000,0,11,0%,1
https://pay-calculator-australia.com/tax-on/170000,0,11,0%,1
https://pay-calculator-australia.com/long-service-leave-calculator/nsw/,0,11,0%,10.27
https://pay-calculator-australia.com/gross-pay-calculator,0,10,0%,1
https://pay-calculator-australia.com/take-home-pay-on/65000/0.6.5,0,10,0%,1
https://pay-calculator-australia.com/tax-on/85000,0,10,0%,1
https://pay-calculator-australia.com/hourly-to-salary/65-77/,0,10,0%,2.6
https://pay-calculator-australia.com/news/federal-budget-2026-27-your-pay/,0,10,0%,9.2
https://pay-calculator-australia.com/news/division-296-super-tax-starts/,0,10,0%,27.6
https://pay-calculator-australia.com/tax-on/130000,0,9,0%,1
https://pay-calculator-australia.com/tax-on/150000,0,9,0%,1
https://pay-calculator-australia.com/public-service-pay-scales/aps,0,9,0%,1.11
https://pay-calculator-australia.com/terms/,0,9,0%,2.78
https://pay-calculator-australia.com/news/transfer-balance-cap-increase-2026/,0,9,0%,27.89
https://pay-calculator-australia.com/hourly-to-salary/50-25/,0,8,0%,2.75
https://pay-calculator-australia.com/privacy/,0,8,0%,3.62
https://pay-calculator-australia.com/hourly-to-salary-calculator/,0,7,0%,1
https://pay-calculator-australia.com/public-service-salaries/,0,7,0%,1
https://pay-calculator-australia.com/take-home-pay-on/105000,0,7,0%,1
https://pay-calculator-australia.com/take-home-pay-on/175000,0,7,0%,1
https://pay-calculator-australia.com/tax-on/110000,0,7,0%,1
https://pay-calculator-australia.com/tax-on/90000,0,7,0%,1
https://pay-calculator-australia.com/pay-calculator-australia/,0,6,0%,1
https://pay-calculator-australia.com/take-home-pay-on/150000,0,6,0%,1
https://pay-calculator-australia.com/take-home-pay-on/155000,0,6,0%,1
https://pay-calculator-australia.com/take-home-pay-on/190000,0,6,0%,1
https://pay-calculator-australia.com/take-on/75000/,0,6,0%,1
https://pay-calculator-australia.com/tax-on/75000,0,6,0%,1
https://pay-calculator-australia.com/take-on/85000/,0,6,0%,1.67
https://pay-calculator-australia.com/hourly-to-salary/31-3/,0,6,0%,4.17
https://pay-calculator-australia.com/?q=%7Bsearch_term_string%7D,0,6,0%,9.5
https://pay-calculator-australia.com/pay-calculator/,0,5,0%,1
https://pay-calculator-australia.com/redundancy-pay-calculator,0,5,0%,1
https://pay-calculator-australia.com/take-home-pay-on/115000,0,5,0%,1
https://pay-calculator-australia.com/take-home-pay-on/125000,0,5,0%,1
https://pay-calculator-australia.com/take-home-pay-on/145000,0,5,0%,1
https://pay-calculator-australia.com/take-home-pay-on/165000,0,5,0%,1
https://pay-calculator-australia.com/tax-on/125000,0,5,0%,1
https://pay-calculator-australia.com/tax-on/190000,0,5,0%,1
https://pay-calculator-australia.com/tax-on/60000,0,5,0%,1
https://pay-calculator-australia.com/hourly-to-salary/34-45/,0,5,0%,8
https://pay-calculator-australia.com/hourly-to-annual-salary-converter/,0,4,0%,1
https://pay-calculator-australia.com/junior-pay-rates,0,4,0%,1
https://pay-calculator-australia.com/public-service-salaries/aps/,0,4,0%,1
https://pay-calculator-australia.com/take-on/130000/,0,4,0%,1
https://pay-calculator-australia.com/take-on/150000/,0,4,0%,1
https://pay-calculator-australia.com/take-on/95000/,0,4,0%,1
https://pay-calculator-australia.com/tax-on/115000,0,4,0%,1
https://pay-calculator-australia.com/tax-on/140000,0,4,0%,1
https://pay-calculator-australia.com/tax-on/200000,0,4,0%,1
https://pay-calculator-australia.com/news/super-tax-changes-explained/,0,4,0%,3.25
https://pay-calculator-australia.com/hourly-to-salary/32-19/,0,4,0%,4
https://pay-calculator-australia.com/hourly-to-salary/33,0,3,0%,1
https://pay-calculator-australia.com/hourly-to-salary/50,0,3,0%,1
https://pay-calculator-australia.com/schads-pay-rates/,0,3,0%,1
https://pay-calculator-australia.com/take-home-pay-on/45000,0,3,0%,1
https://pay-calculator-australia.com/take-on/90000/,0,3,0%,1
https://pay-calculator-australia.com/tax-on/100000,0,3,0%,1
https://pay-calculator-australia.com/tax-on/120000,0,3,0%,1
https://pay-calculator-australia.com/teacher-pay-australia,0,3,0%,1
https://pay-calculator-australia.com/contractor-pay-calculator,0,2,0%,1
https://pay-calculator-australia.com/hourly-to-salary/35,0,2,0%,1
https://pay-calculator-australia.com/hourly-to-salary/70,0,2,0%,1
https://pay-calculator-australia.com/hourly-to-salary/75,0,2,0%,1
https://pay-calculator-australia.com/overtime-pay-calculator,0,2,0%,1
https://pay-calculator-australia.com/pay-calculator-nsw,0,2,0%,1
https://pay-calculator-australia.com/pay-rise-calculator,0,2,0%,1
https://pay-calculator-australia.com/public-sector-pay-scales/vic/,0,2,0%,1
https://pay-calculator-australia.com/public-service-salaries/aps,0,2,0%,1
https://pay-calculator-australia.com/public-service-salaries/qld/,0,2,0%,1
https://pay-calculator-australia.com/retail-worker,0,2,0%,1
https://pay-calculator-australia.com/salary-to-hourly/,0,2,0%,1
https://pay-calculator-australia.com/salary-to-hourly/110000,0,2,0%,1
https://pay-calculator-australia.com/salary-to-hourly/85000,0,2,0%,1
https://pay-calculator-australia.com/take-home-pay-on/185000,0,2,0%,1
https://pay-calculator-australia.com/take-home-pay-on/30000,0,2,0%,1
https://pay-calculator-australia.com/take-home-pay-on/40000,0,2,0%,1
https://pay-calculator-australia.com/take-home-pay-on/55000,0,2,0%,1
https://pay-calculator-australia.com/take-on-60000/,0,2,0%,1
https://pay-calculator-australia.com/take-on-pay-on/75000/,0,2,0%,1
https://pay-calculator-australia.com/take-on/100000/,0,2,0%,1
https://pay-calculator-australia.com/take-on/110000/,0,2,0%,1
https://pay-calculator-australia.com/take-on/160000/,0,2,0%,1
https://pay-calculator-australia.com/take-on/30000/,0,2,0%,1
https://pay-calculator-australia.com/take-on/70000,0,2,0%,1
https://pay-calculator-australia.com/tax-on/160000,0,2,0%,1
https://pay-calculator-australia.com/tax-on/30000,0,2,0%,1
https://pay-calculator-australia.com/tax-on/65000,0,2,0%,1
https://pay-calculator-australia.com/tax-on/80000,0,2,0%,1
https://www.pay-calculator-australia.com/hospitality-award-rates/,0,2,0%,1
https://www.pay-calculator-australia.com/junior-pay-rates/,0,2,0%,1
https://pay-calculator-australia.com/tax-on/185000/',0,2,0%,3
https://pay-calculator-australia.com/ytd-income-calculator,0,2,0%,4
https://pay-calculator-australia.com/30/,0,1,0%,1
https://pay-calculator-australia.com/33-5/,0,1,0%,1
https://pay-calculator-australia.com/40/,0,1,0%,1
https://pay-calculator-australia.com/80-an-hour/,0,1,0%,1
https://pay-calculator-australia.com/awards/schads,0,1,0%,1
https://pay-calculator-australia.com/contractor-pay/,0,1,0%,1
https://pay-calculator-australia.com/contractor-vs-employee-calculators/,0,1,0%,1
https://pay-calculator-australia.com/contractor-vsemployee-calculator/,0,1,0%,1
https://pay-calculator-australia.com/employer-cost-calculator,0,1,0%,1
https://pay-calculator-australia.com/fortnightly-pay-calculator,0,1,0%,1
https://pay-calculator-australia.com/general-retail,0,1,0%,1
https://pay-calculator-australia.com/gig-tax-guide/,0,1,0%,1
https://pay-calculator-australia.com/healthcare-worker-pay/nsw/️,0,1,0%,1
https://pay-calculator-australia.com/hecs-help-calculator,0,1,0%,1
https://pay-calculator-australia.com/hecs-repayment-calculator/,0,1,0%,1
https://pay-calculator-australia.com/hospitality-award-rates,0,1,0%,1
https://pay-calculator-australia.com/hourly-salary/75/,0,1,0%,1
https://pay-calculator-australia.com/hourly-to-annual-salary-calculator,0,1,0%,1
https://pay-calculator-australia.com/hourly-to-annual-salary-calculator/35/,0,1,0%,1
https://pay-calculator-australia.com/hourly-to-annual-salary-collector/,0,1,0%,1
https://pay-calculator-australia.com/hourly-to-salary-calculator/40/,0,1,0%,1
https://pay-calculator-australia.com/hourly-to-salary-converter/35/,0,1,0%,1
https://pay-calculator-australia.com/hourly-to-salary/30/30,0,1,0%,1
https://pay-calculator-australia.com/hourly-to-salary/32-/,0,1,0%,1
https://pay-calculator-australia.com/hourly-to-salary/33/`,0,1,0%,1
https://pay-calculator-australia.com/hourly-to-salary/35/35,0,1,0%,1
https://pay-calculator-australia.com/hourly-to-salary/36,0,1,0%,1
https://pay-calculator-australia.com/hourly-to-salary/37/sh,0,1,0%,1
https://pay-calculator-australia.com/hourly-to-salary/40,0,1,0%,1
https://pay-calculator-australia.com/hourly-to-salary/40//,0,1,0%,1
https://pay-calculator-australia.com/hourly-to-salary/40/0.6.4,0,1,0%,1
https://pay-calculator-australia.com/hourly-to-salary/41,0,1,0%,1
https://pay-calculator-australia.com/hourly-to-salary/42-5,0,1,0%,1
https://pay-calculator-australia.com/hourly-to-salary/45,0,1,0%,1
https://pay-calculator-australia.com/hourly-to-salary/59,0,1,0%,1
https://pay-calculator-australia.com/hourly-to-salary/65,0,1,0%,1
https://pay-calculator-australia.com/hourly-to-salary/75/2026-27/,0,1,0%,1
https://pay-calculator-australia.com/jobseeker,0,1,0%,1
https://pay-calculator-australia.com/junior-pay-rates-over-21-australia,0,1,0%,1
https://pay-calculator-australia.com/junior-pay-rates/age/16,0,1,0%,1
https://pay-calculator-australia.com/junior-per-cent-rates/,0,1,0%,1
"https://pay-calculator-australia.com/long-service-leave-/"",",0,1,0%,1
https://pay-calculator-australia.com/medicare-levy-calculator/,0,1,0%,1
https://pay-calculator-australia.com/mining-fifo-guide/,0,1,0%,1
https://pay-calculator-australia.com/mining-fifo-pay-guide,0,1,0%,1
https://pay-calculator-australia.com/mining-fifo-worker-pay-guide/,0,1,0%,1
https://pay-calculator-australia.com/mining-pay-guide/,0,1,0%,1
https://pay-calculator-australia.com/parental-leave/,0,1,0%,1
https://pay-calculator-australia.com/pay-calculator-australia-com/pay-calculator-australia-com/pay-calculator-australia-com/pay-calculator-australia-com/pay-calculator-australia-com/pay-calculator-australia-com/pay-calculator-australia-com/contractor-pay-calculator/,0,1,0%,1
https://pay-calculator-australia.com/pay-calculator-australia.com/,0,1,0%,1
https://pay-calculator-australia.com/pay-calculator-australia.com/bonus-tax-calculator/,0,1,0%,1
https://pay-calculator-australia.com/pay-calculator-australia.com/hourly-to-annual-salary-calculator/,0,1,0%,1
https://pay-calculator-australia.com/pay-calculator-australia.com/retail-award-rates/,0,1,0%,1
https://pay-calculator-australia.com/pay-calculator-australia.com/take-home-pay-on/80000/,0,1,0%,1
https://pay-calculator-australia.com/pay-calculator-australia/wa/`0.6.8`,0,1,0%,1
https://pay-calculator-australia.com/pay-calculator-calculator/,0,1,0%,1
https://pay-calculator-australia.com/pay-calculator-fortnightly/,0,1,0%,1
https://pay-calculator-australia.com/pay-on/125000/,0,1,0%,1
https://pay-calculator-australia.com/pay-on/90000/,0,1,0%,1
https://pay-calculator-australia.com/public-search-pay-scales/,0,1,0%,1
https://pay-calculator-australia.com/public-service-pay-scales/vic/ic,0,1,0%,1
https://pay-calculator-australia.com/public-service-salaries,0,1,0%,1
https://pay-calculator-australia.com/public-service-salaries/qld,0,1,0%,1
https://pay-calculator-australia.com/public-service-salayses/aps/,0,1,0%,1
https://pay-calculator-australia.com/retail-award-rates/rout/retail-award-rates/,0,1,0%,1
https://pay-calculator-australia.com/retail-retail-award-rates/,0,1,0%,1
https://pay-calculator-australia.com/retail-sales-assistant-salary/,0,1,0%,1
https://pay-calculator-australia.com/salary-package-calculator-including-super-or-plus-super/,0,1,0%,1
https://pay-calculator-australia.com/salary-package-caller/,0,1,0%,1
https://pay-calculator-australia.com/salary-salary-calculator/,0,1,0%,1
https://pay-calculator-australia.com/salary-to-annual-salary-calculator/,0,1,0%,1
https://pay-calculator-australia.com/salary-to-australia/130000/,0,1,0%,1
https://pay-calculator-australia.com/salary-to-hourly/100000,0,1,0%,1
https://pay-calculator-australia.com/salary-to-hourly/200000,0,1,0%,1
https://pay-calculator-australia.com/salary-to-hourly/60000,0,1,0%,1
https://pay-calculator-australia.com/salary-to-hourly/70000,0,1,0%,1
https://pay-calculator-australia.com/salary-to-hourly/70000/0.6.10,0,1,0%,1
https://pay-calculator-australia.com/salary-to-hourly/80000,0,1,0%,1
https://pay-calculator-australia.com/salary-to-hourly/90000,0,1,0%,1
https://pay-calculator-australia.com/salary-to-hourly/90000/0.6.8,0,1,0%,1
https://pay-calculator-australia.com/salary/100000,0,1,0%,1
https://pay-calculator-australia.com/salary/200000-after-tax,0,1,0%,1
https://pay-calculator-australia.com/schads-award-pay-pay-rates/,0,1,0%,1
https://pay-calculator-australia.com/schads-award-payload/,0,1,0%,1
https://pay-calculator-australia.com/schads-award/,0,1,0%,1
https://pay-calculator-australia.com/second-job-tax-calculator,0,1,0%,1
https://pay-calculator-australia.com/superannuation-calculator/superclass-id-not-used,0,1,0%,1
https://pay-calculator-australia.com/take-home-on/100000/,0,1,0%,1
https://pay-calculator-australia.com/take-home-on/85000/,0,1,0%,1
https://pay-calculator-australia.com/take-home-on/90000/,0,1,0%,1
https://pay-calculator-australia.com/take-home-pay-on-125000/,0,1,0%,1
https://pay-calculator-australia.com/take-home-pay-on-135000/,0,1,0%,1
https://pay-calculator-australia.com/take-home-pay-on/100000/100000,0,1,0%,1
https://pay-calculator-australia.com/take-home-pay-on/120000/0.6.6,0,1,0%,1
https://pay-calculator-australia.com/take-home-pay-on/135000/1,0,1,0%,1
https://pay-calculator-australia.com/take-home-pay-on/140000/0/,0,1,0%,1
https://pay-calculator-australia.com/take-home-pay-on/160000/0.6.8,0,1,0%,1
https://pay-calculator-australia.com/take-home-pay-on/160k-annual-salary/,0,1,0%,1
https://pay-calculator-australia.com/take-home-pay-on/200000/0.6.5,0,1,0%,1
https://pay-calculator-australia.com/take-home-pay-on/200k/,0,1,0%,1
https://pay-calculator-australia.com/take-home-pay-on/55000/55000/,0,1,0%,1
https://pay-calculator-australia.com/take-home-pay-on/60000/0.6.6,0,1,0%,1
https://pay-calculator-australia.com/take-home-pay-on/90000/0.6.7,0,1,0%,1
https://pay-calculator-australia.com/take-home-pay-on/95000/0.6.7,0,1,0%,1
"https://pay-calculator-australia.com/take-on-$130,000/",0,1,0%,1
https://pay-calculator-australia.com/take-on-140000/,0,1,0%,1
https://pay-calculator-australia.com/take-on-150000/,0,1,0%,1
https://pay-calculator-australia.com/take-on-65000/,0,1,0%,1
https://pay-calculator-australia.com/take-on-90000/,0,1,0%,1
https://pay-calculator-australia.com/take-on-pay-on/85000/,0,1,0%,1
https://pay-calculator-australia.com/take-on-pay-on/95000/,0,1,0%,1
https://pay-calculator-australia.com/take-on/105000/,0,1,0%,1
https://pay-calculator-australia.com/take-on/140000/,0,1,0%,1
https://pay-calculator-australia.com/take-on/185000/,0,1,0%,1
https://pay-calculator-australia.com/take-on/55000/,0,1,0%,1
https://pay-calculator-australia.com/take-on/65000,0,1,0%,1
https://pay-calculator-australia.com/take-on/65000/,0,1,0%,1
https://pay-calculator-australia.com/take-on/80000/,0,1,0%,1
https://pay-calculator-australia.com/take-on/85000,0,1,0%,1
https://pay-calculator-australia.com/tax-bridge-history/,0,1,0%,1
https://pay-calculator-australia.com/tax-on/115000/0.6.3,0,1,0%,1
https://pay-calculator-australia.com/tax-on/115000/ck,0,1,0%,1
https://pay-calculator-australia.com/tax-on/120000/0.6.7,0,1,0%,1
https://pay-calculator-australia.com/tax-on/135000/infotax-on-135000-in-australia,0,1,0%,1
https://pay-calculator-australia.com/tax-on/155000,0,1,0%,1
https://pay-calculator-australia.com/tax-on/170000/|https://pay-calculator-australia.com/take-home-pay-on/170000/,0,1,0%,1
https://pay-calculator-australia.com/tax-on/170000/0.6.4,0,1,0%,1
https://pay-calculator-australia.com/tax-on/180000,0,1,0%,1
https://pay-calculator-australia.com/tax-on/195000,0,1,0%,1
https://pay-calculator-australia.com/tax-on/50000,0,1,0%,1
https://pay-calculator-australia.com/tax-on/60000-after-tax,0,1,0%,1
https://pay-calculator-australia.com/tax-on/60000-out/,0,1,0%,1
https://pay-calculator-australia.com/tax-on/70000/nilai,0,1,0%,1
https://pay-calculator-australia.com/tax-on/75000/0,0,1,0%,1
https://pay-calculator-australia.com/tax-on/80000-in-australia,0,1,0%,1
https://pay-calculator-australia.com/tax-on/85000/0,0,1,0%,1
https://pay-calculator-australia.com/tax-on/85000/0.6.9,0,1,0%,1
https://pay-calculator-australia.com/tax-on/95000/',0,1,0%,1
https://pay-calculator-australia.com/teacher-australia/qld/,0,1,0%,1
https://pay-calculator-australia.com/teacher-pay-about-the-data,0,1,0%,1
https://pay-calculator-australia.com/teacher-pay-australia/qld/8,0,1,0%,1
https://pay-calculator-australia.com/teacher-pay-scales-by-state-experience-level/,0,1,0%,1
https://pay-calculator-australia.com/tools/pay-rates/hospitality,0,1,0%,1
https://pay-calculator-australia.com/vps-salary-scales/vic/,0,1,0%,1
https://pay-calculator-australia.com/weekly-pay-weekly-pay-calculator/,0,1,0%,1
https://pay-calculator-australia.com/working-holiday-tax,0,1,0%,1
https://www.pay-calculator-australia.com/hourly-to-annual-salary-calculator/,0,1,0%,1
https://www.pay-calculator-australia.com/pay-calculator-sa/,0,1,0%,1
https://www.pay-calculator-australia.com/payslip-generator/,0,1,0%,1
https://www.pay-calculator-australia.com/retail-award-rates/,0,1,0%,1
https://www.pay-calculator-australia.com/salary-package-calculator/,0,1,0%,1
https://www.pay-calculator-australia.com/take-home-pay-on/80000/,0,1,0%,1
https://www.pay-calculator-australia.com/take-on-70000/,0,1,0%,1
https://www.pay-calculator-australia.com/weekly-pay-calculator/,0,1,0%,1
https://pay-calculator-australia.com/hecs-hecs-calculator/,0,1,0%,2
https://pay-calculator-australia.com/hecs-hecs-repayment-calculator-australia-2026-27/,0,1,0%,2
https://pay-calculator-australia.com/hourly-to-salary/44/,0,1,0%,2
https://pay-calculator-australia.com/work-hours-calculator,0,1,0%,2
https://pay-calculator-australia.com/pay-sa/,0,1,0%,3
https://pay-calculator-australia.com/pay-sales/,0,1,0%,3
https://pay-calculator-australia.com/take-on/155000/,0,1,0%,3
https://pay-calculator-australia.com/take-on/175000,0,1,0%,3
https://www.pay-calculator-australia.com/payslip-generator,0,1,0%,3
https://www.pay-calculator-australia.com/public-service-pay-scales/qld/,0,1,0%,3
https://pay-calculator-australia.com/payslip-generator,0,1,0%,5