Top queries,Clicks,Impressions,CTR,Position
bonus calculator,171,340,50.29%,1.81
tax on bonus payments calculator australia,145,365,39.73%,2.44
bonus tax calculator,141,534,26.4%,3.6
bonus tax calculator australia,132,275,48%,2.52
bonus calculator australia,91,153,59.48%,1.58
bonus calculator after tax,64,110,58.18%,1.66
calculate bonus after tax,48,67,71.64%,1.39
bonus pay calculator,42,84,50%,1.45
tax on bonus calculator,40,183,21.86%,3.93
bonus after tax calculator,34,51,66.67%,1.43
backpay calculator,32,59,54.24%,1.15
bonus pay tax calculator,20,44,45.45%,2.91
back pay calculator,19,45,42.22%,1.27
bonus take home calculator,17,25,68%,1.52
qld teacher salary 2026,16,552,2.9%,7.53
bonus pay calculator australia,16,29,55.17%,1.45
fortnightly tax table 2026,15,6839,0.22%,9.44
commission tax calculator,15,23,65.22%,1.61
back pay calculator australia,14,31,45.16%,1.35
tax calculator on bonus,14,29,48.28%,2.83
bonus payment calculator,14,19,73.68%,1.37
payrise calculator,12,177,6.78%,7.95
australia bonus tax calculator,12,23,52.17%,1.96
after tax bonus calculator,12,19,63.16%,1.42
vps salary 2026,11,1290,0.85%,4.88
aps pay scales 2026,11,231,4.76%,6.61
tax on bonus,11,136,8.09%,3.61
bonus payment tax calculator,11,54,20.37%,4.67
how much tax will i pay on my bonus,11,47,23.4%,2.7
pay rise calculator,10,140,7.14%,7.14
75000 a year is how much an hour,9,310,2.9%,2.67
tax calculator for bonus,9,17,52.94%,3
80000 a year is how much an hour,8,287,2.79%,2.26
2nd job tax calculator,8,29,27.59%,4.93
how much will my bonus be taxed,8,23,34.78%,1.91
take home bonus calculator,8,15,53.33%,1.47
tax bonus calculator,8,14,57.14%,1.64
bonus tax calc,8,14,57.14%,2.07
sapto calculator,7,650,1.08%,7.85
hourly rate to annual salary,7,323,2.17%,5.96
centrelink payment calculator when working,7,183,3.83%,7.37
second job tax calculator,7,55,12.73%,6
tax on a bonus calculator,7,24,29.17%,3.88
tax calculator on bonus payment,7,14,50%,4.21
how much of my bonus will i take home,7,11,63.64%,1.27
80k a year is how much an hour,6,374,1.6%,2.07
hecs repayment calculator,6,265,2.26%,9.02
annual leave payout calculator,6,243,2.47%,8.51
hourly to annual salary,6,164,3.66%,5.1
qld teacher salary 2026 pdf,6,136,4.41%,7.9
ato bonus tax calculator,6,37,16.22%,6.19
overtime tax calculator,6,17,35.29%,5.82
calculate back pay,6,12,50%,3.58
commission tax calculator australia,6,10,60%,2.1
bonus payment tax calculator australia,6,7,85.71%,1.29
pay calculator,5,987,0.51%,12.23
vps salary bands,5,260,1.92%,7.56
110 000 a year is how much an hour,5,44,11.36%,2.11
hourly to annual salary calculator,5,41,12.2%,6
pay calculator bonus,5,16,31.25%,2
tax on bonus calculator australia,5,15,33.33%,1.8
net bonus calculator,5,12,41.67%,1.42
bonus calc,5,12,41.67%,1.58
bonus payg calculator,5,11,45.45%,2.55
annual bonus tax calculator,5,9,55.56%,2.78
bonus income tax calculator,5,7,71.43%,1.14
bonus take home pay calculator,5,5,100%,1.2
minimum wage australia 16 year old,4,794,0.5%,5.98
fortnightly tax table 2027,4,261,1.53%,6.89
75k a year is how much an hour,4,212,1.89%,1.69
80 000 a year is how much an hour,4,159,2.52%,2.14
salary calculator australia,4,118,3.39%,12.14
tax on second job australia calculator,4,73,5.48%,5.3
calculate tax on bonus,4,60,6.67%,6.35
80000 salary to hourly,4,57,7.02%,2.84
hourly to annual,4,38,10.53%,6.76
tax calculator for bonus payment,4,20,20%,2.75
backpay tax calculator,4,19,21.05%,4.21
calculate tax on bonus australia,4,16,25%,2.5
how much will my bonus get taxed,4,15,26.67%,3.27
second job tax calculator australia,4,15,26.67%,6.47
tax calculator bonus payment,4,13,30.77%,4.85
how to calculate bonus after tax,4,12,33.33%,2.58
bonus after tax,4,12,33.33%,2.83
tax calculator with bonus,4,10,40%,2
pay calculator with bonus,4,10,40%,2.2
bonus net pay calculator,4,8,50%,1.62
calculate bonus,4,8,50%,2.88
take home bonus pay calculator,4,7,57.14%,1
two job tax calculator,4,7,57.14%,2.43
calculate bonus payment after tax,4,5,80%,1.6
qld teacher pay scale,3,349,0.86%,7.98
qld teacher salary,3,327,0.92%,8.8
65k a year is how much an hour,3,262,1.15%,3.31
65000 a year is how much an hour,3,249,1.2%,4.77
vps 4 salary 2026,3,220,1.36%,5.23
100k a year is how much an hour,3,208,1.44%,3.18
qld teacher pay scale 2026 pdf download,3,159,1.89%,9.16
sapto calculator 2026,3,153,1.96%,8.59
minimum wage 15 year old australia,3,128,2.34%,5.11
vps pay grades,3,127,2.36%,7.73
monthly tax table 2027,3,120,2.5%,6.12
2nd job tax rate,3,92,3.26%,7.91
jobseeker payment calculator australia,3,90,3.33%,9.54
hourly rate to salary calculator australia,3,73,4.11%,9.75
what is 80000 a year hourly,3,66,4.55%,2.08
80000 per year hourly rate,3,61,4.92%,2.21
redundancy payment calculator,3,50,6%,8.96
weekly tax table 2027 pdf,3,46,6.52%,9.67
what is 60k a year hourly,3,45,6.67%,2.69
qtu pay scales,3,43,6.98%,9.3
60k salary hourly,3,37,8.11%,3.32
$75 000 a year is how much an hour,3,26,11.54%,2.69
overtime pay calculator,3,19,15.79%,9.53
ses band 1 salary 2026,3,17,17.65%,3.88
160000 salary,3,16,18.75%,3.12
tax calculator bonus,3,14,21.43%,7
schads award 2026 pay rates,3,14,21.43%,16.64
tax calculator two jobs,3,10,30%,2.2
calculate my bonus after tax,3,10,30%,3
how much tax on bonus pay,3,10,30%,3.3
historical tax rates,3,10,30%,8.2
how to work out bonus after tax,3,7,42.86%,3.14
tax calculator on a bonus,3,7,42.86%,3.71
tax calculator 2 jobs,3,7,42.86%,4.43
how much will my bonus be after taxes,3,5,60%,1.2
bonus cal,3,4,75%,1.25
bonus calculatir,3,4,75%,1.25
pay bonus calculator,3,4,75%,1.25
how much of my bonus will i get after taxes,3,4,75%,1.5
income tax on bonus calculator,3,4,75%,2.25
net pay bonus calculator,3,3,100%,1.33
bonus calculator tax,3,3,100%,2
how much of my bonus will i get,3,3,100%,2
second job pay calculator,3,3,100%,2.33
tax calculator for two jobs,3,3,100%,4
youth allowance calculator,2,410,0.49%,10.76
minimum wage for 16 year old,2,348,0.57%,6.11
pay calculator australia,2,331,0.6%,14.47
tax on 60000 australia,2,312,0.64%,6.06
200k after tax australia,2,259,0.77%,8.91
minimum wage australia 15 year old,2,233,0.86%,4.81
after tax,2,232,0.86%,2.68
find my award pay rate,2,222,0.9%,9.94
aps6 salary 2026,2,219,0.91%,6.48
85000 after tax australia,2,213,0.94%,8.33
90k a year is how much an hour,2,212,0.94%,4.31
vps pay scale 2026,2,208,0.96%,4.25
tax on 40000 australia,2,194,1.03%,5.56
what is the minimum wage for a 14 year old in australia,2,180,1.11%,4.04
160k after tax australia,2,179,1.12%,7.44
education queensland pay scale,2,136,1.47%,8.6
tax on 170k australia,2,129,1.55%,8.31
125k after tax australia,2,108,1.85%,5.71
low income tax offset calculator,2,100,2%,12.75
austudy calculator,2,98,2.04%,9.36
75 000 a year is how much an hour,2,96,2.08%,1.88
hecs calculator 2026,2,94,2.13%,9.68
130000 after tax,2,92,2.17%,7.75
95000 a year is how much an hour,2,88,2.27%,2.69
vps pay scales,2,86,2.33%,5.26
how much do you get taxed on a second job,2,85,2.35%,5.82
80k salary to hourly,2,83,2.41%,2.54
tax on 40000 income australia,2,83,2.41%,6.73
bonus tax,2,83,2.41%,8.42
fifo pay calculator,2,79,2.53%,7.08
"$80,000 after tax australia weekly salary",2,75,2.67%,7.01
tax on 145k australia,2,69,2.9%,9.23
what is 80k a year hourly,2,68,2.94%,1.9
vps6 salary,2,67,2.99%,8.66
stsl component on schedule 5,2,65,3.08%,2.95
tax rate on second job calculator,2,57,3.51%,5.89
vps value range descriptors,2,56,3.57%,6.57
education qld pay scale,2,56,3.57%,8.16
80k annual to hourly,2,53,3.77%,2.15
contractor pay calculator,2,53,3.77%,33.64
average pay for a 15 year old,2,52,3.85%,3.88
tax on bonuses australia,2,52,3.85%,5.15
nat1007,2,45,4.44%,4.51
lito calculator,2,43,4.65%,4.26
fifo mining salary,2,42,4.76%,6.83
qld education pay scale,2,42,4.76%,8.12
vps 5 pay scale,2,38,5.26%,5.76
aps el2 salary,2,38,5.26%,8.76
48 an hour is how much a year,2,36,5.56%,2.72
$48 per hour annual salary australia,2,36,5.56%,3.25
hospitality award rates 2026,2,30,6.67%,9.13
hourly to yearly salary,2,29,6.9%,8.34
weekly tax table 2026-2027,2,29,6.9%,11.34
fortnight calculator,2,28,7.14%,5.43
hourly wage to annual salary,2,26,7.69%,6.12
leave payout calculator australia,2,22,9.09%,5.86
junior casual pay rates,2,21,9.52%,5.76
minimum wage australia junior,2,20,10%,7.6
tax on bonuses,2,19,10.53%,2.53
retail award,2,18,11.11%,3.06
redundancy calculator nsw,2,18,11.11%,10.28
how much per hour is 60k a year,2,16,12.5%,2
work bonus calculator,2,16,12.5%,2.62
hourly rate to annual salary calculator,2,16,12.5%,6
140000 salary,2,15,13.33%,3.13
assistant director aps salary,2,14,14.29%,7.79
95000 salary to hourly,2,13,15.38%,2.08
75 000 salary to hourly,2,13,15.38%,2.62
full time vs casual calculator,2,13,15.38%,10.62
80 000 per year is how much per hour,2,12,16.67%,2.25
how much an hour is 80000 a year,2,10,20%,2.6
calculate backpay,2,10,20%,3.4
12000 bonus after tax,2,9,22.22%,2.89
how much does an employee cost a company,2,9,22.22%,6.22
jobseeker payment calculator when working,2,9,22.22%,7.33
australian bonus tax calculator,2,8,25%,1
sti bonus calculator,2,8,25%,2.38
tax on commission calculator,2,7,28.57%,2.71
salary oncosts,2,7,28.57%,6.14
back pay interest calculator,2,6,33.33%,1.83
after tax bonus,2,6,33.33%,2.17
casual to full time rate calculator,2,6,33.33%,2.17
tax calculator for a bonus,2,6,33.33%,2.83
tax on 125 000 australia,2,6,33.33%,3.67
salary hourly to yearly,2,6,33.33%,5.17
bonus tax calculator 2026,2,6,33.33%,6.5
what will my bonus be after taxes,2,5,40%,1.8
lump sum bonus tax calculator,2,5,40%,2.4
how much do you get taxed on bonus,2,5,40%,2.8
calculate my annual leave payout,2,5,40%,8.2
6000 bonus after tax,2,4,50%,1.5
$100 k salary is how much per hour,2,4,50%,2
pay and bonus calculator,2,4,50%,2.5
post tax bonus calculator,2,4,50%,3.25
second income tax calculator,2,4,50%,4.5
salary calculator per hour to annual,2,4,50%,5
calculate after tax bonus,2,3,66.67%,1
take home pay bonus calculator,2,3,66.67%,1
commissions tax calculator,2,3,66.67%,1.33
calculate tax on my bonus,2,3,66.67%,1.67
2nd job calculator,2,3,66.67%,2
commission calculator tax,2,3,66.67%,2.67
bonus estimator,2,3,66.67%,3
pay calculator with commission,2,3,66.67%,3
33.70 an hour is how much a year,2,3,66.67%,3.33
bonus tax rate calculator,2,3,66.67%,6
full-time vs casual calculator,2,3,66.67%,11.33
work out back pay calculator,2,2,100%,1
take home pay calculator bonus,2,2,100%,1.5
what is my bonus after tax,2,2,100%,1.5
48.67 an hour is how much a year,2,2,100%,2
paycheck with bonus calculator,2,2,100%,2.5
40 hours per week,2,2,100%,3.5
75000 annual to monthly,2,2,100%,4.5
150000 per year,2,2,100%,7
minimum wage for 15 year old australia,1,2114,0.05%,9.92
minimum wage australia 14 year old,1,617,0.16%,4.26
vps pay scale,1,571,0.18%,8.07
yes,1,543,0.18%,3.42
teacher salary qld,1,443,0.23%,8.95
what is the minimum wage for a 15 year old in australia,1,411,0.24%,5.57
tax on 50000 australia,1,309,0.32%,7.08
vps 5 salary,1,284,0.35%,8.52
monthly tax tables 2026,1,281,0.36%,8.23
70000 a year is how much an hour,1,276,0.36%,6.29
110k after tax australia,1,275,0.36%,7.73
140k after tax australia,1,261,0.38%,8.23
fortnightly,1,240,0.42%,7.4
150k after tax australia,1,240,0.42%,9.67
85000 a year is how much an hour,1,239,0.42%,4.15
tax on 130k australia,1,217,0.46%,10.16
what is the minimum wage for a 16 year old in australia,1,216,0.46%,4.94
tax on 80000 australia,1,186,0.54%,9.78
ato fortnightly tax table 2026,1,185,0.54%,9.42
95k after tax australia,1,184,0.54%,7.01
teacher salary,1,183,0.55%,10.23
tax on 75000 australia,1,181,0.55%,9.59
teacher pay scale qld,1,166,0.6%,8.39
yes please,1,160,0.62%,3.24
vps4 salary 2026,1,159,0.63%,6.19
tax on 180k australia,1,154,0.65%,9.11
level 1 hospitality pay rate casual,1,152,0.66%,10.14
australian tax rates,1,150,0.67%,41.41
vps grades,1,146,0.68%,7.45
vps salaries,1,141,0.71%,9.07
55 per hour annual salary,1,133,0.75%,5.45
el2 salary 2026,1,133,0.75%,6.17
tax on 55000 australia,1,132,0.76%,5.67
vps salary 2027,1,131,0.76%,6.27
pay calculator sa,1,124,0.81%,9.23
115k after tax australia,1,123,0.81%,7.67
170k after tax australia,1,120,0.83%,7.48
60000 a year is how much an hour,1,119,0.84%,4.55
tax on 130000,1,118,0.85%,8.22
aps el1 salary,1,118,0.85%,9.84
nat1006,1,117,0.85%,4.9
sapto,1,117,0.85%,26.65
zone tax offset calculator,1,111,0.9%,6.61
what is the minimum wage for a 16 year old in australia casual,1,111,0.9%,7.14
110000 after tax,1,110,0.91%,7.68
tax on 135k australia,1,108,0.93%,7.85
aps 5 salary 2026,1,105,0.95%,7.1
135k after tax australia,1,104,0.96%,8.85
minimum wage victoria 15 year old,1,101,0.99%,5.76
net to gross calculator,1,101,0.99%,19.03
65k a year is how much a week after tax,1,98,1.02%,5.16
vps 3 salary 2026,1,98,1.02%,5.51
105k after tax australia,1,98,1.02%,6.81
aps pay scale,1,98,1.02%,8.56
$35 an hour is how much a year,1,95,1.05%,6.54
casual,1,92,1.09%,3.85
140000 after tax,1,91,1.1%,7.13
redundancy calculator,1,88,1.14%,5.44
vps wage rates 2026,1,84,1.19%,3.95
90 000 a year is how much an hour,1,84,1.19%,4.9
minimum wage 14 year old,1,83,1.2%,5.42
help debt repayment threshold 2026,1,80,1.25%,6.99
70k after tax,1,78,1.28%,7.29
how much tax do you pay on a second job,1,77,1.3%,8.91
what is the hourly rate for 80000 a year,1,75,1.33%,2.07
55000/52,1,74,1.35%,4.18
55000 a year is how much an hour,1,74,1.35%,5.74
minimum wage for a 15 year old,1,72,1.39%,5.33
monthly pay calculator,1,72,1.39%,15.78
minimum wage 14 year old australia,1,71,1.41%,3.52
vps salary rates,1,71,1.41%,5.89
salary schedule education qld,1,71,1.41%,8.56
payg schedule 5,1,70,1.43%,7.01
160000 after tax,1,69,1.45%,6
vps 5.2,1,69,1.45%,8.03
100 000 after tax australia,1,65,1.54%,11.45
teacher pay scale,1,63,1.59%,10.78
minimum wage australia for 15 year old,1,62,1.61%,4.31
80k per year is how much per hour,1,61,1.64%,2.15
"tax on $80,000 australia",1,61,1.64%,9.82
tax table 2026 fortnightly,1,61,1.64%,10.39
what is the minimum wage for a 14 year old,1,60,1.67%,5.12
100 000 a year is how much an hour,1,59,1.69%,3.78
95k a year is how much an hour,1,58,1.72%,2.17
16 year old minimum wage australia,1,58,1.72%,6.02
16 year old minimum wage vic,1,58,1.72%,6.6
minimum wage australia for 16 year old,1,57,1.75%,4.51
tax on $130 000 australia,1,57,1.75%,7.11
tax on 180k,1,56,1.79%,9.07
what is 75000 a year hourly,1,55,1.82%,2.13
85000,1,55,1.82%,6.02
vps 6.2 salary,1,55,1.82%,6.69
vps 7 salary,1,55,1.82%,7.07
vps 6 salary range,1,55,1.82%,8.27
120k salary after tax australia,1,55,1.82%,11.69
65k salary hourly,1,54,1.85%,3.07
help debt threshold 2026,1,54,1.85%,9.59
vps 3.1,1,53,1.89%,7.06
relief teacher pay qld,1,53,1.89%,9.28
vps bands,1,52,1.92%,9.48
how much an hour is 80k a year,1,51,1.96%,2.08
130k a year is how much an hour,1,51,1.96%,3.53
monthly tax tables 2027,1,51,1.96%,5.61
125000,1,50,2%,4.22
schedule 5 tax table,1,50,2%,10.12
165k after tax australia,1,49,2.04%,6.14
fortnightly pay calculator,1,49,2.04%,22.49
how much is minimum wage for a 15 year old,1,48,2.08%,6.06
tax on $50000,1,48,2.08%,6.96
ato sapto calculator,1,48,2.08%,8.29
hourly rate for 80k a year,1,47,2.13%,2.11
vps 6.2 salary 2026,1,47,2.13%,4.34
160 000 after tax australia,1,47,2.13%,7.06
$32 an hour is how much a year,1,47,2.13%,7.79
140k salary after tax australia,1,47,2.13%,8.38
hecs repayment calculator 2026,1,47,2.13%,9.68
net to gross calculator australia,1,47,2.13%,9.96
minimum wage for a 15 year old in victoria,1,46,2.17%,3.96
tax on $45000 australia,1,46,2.17%,7.87
aps levels salary,1,46,2.17%,9.3
120 000 a year is how much an hour,1,45,2.22%,4.24
what is 85k a year hourly,1,44,2.27%,3.84
centrelink income test calculator,1,44,2.27%,14.02
140000/52,1,43,2.33%,3.77
140000 aud after tax,1,43,2.33%,6.6
retail award pay rates 2026,1,43,2.33%,9.84
fortnightly tax table pdf,1,43,2.33%,11.26
75k salary hourly,1,41,2.44%,2.07
100k per year is how much per hour,1,41,2.44%,2.88
vps salaries 2026,1,41,2.44%,4.29
170000 after tax,1,41,2.44%,5.61
take home pay,1,41,2.44%,6.46
age pension income test calculator,1,41,2.44%,49.71
$80 000 a year is how much an hour,1,40,2.5%,2.12
60000 salary to hourly,1,40,2.5%,2.8
how much is 90k a year hourly,1,40,2.5%,3.98
75000 annual salary to hourly,1,40,2.5%,6.22
aps salaries,1,40,2.5%,7.9
100k salary hourly rate,1,39,2.56%,3.08
$28.44,1,39,2.56%,3.28
how to calculate annual salary from hourly rate,1,39,2.56%,5.92
minimum wage 15 year old victoria,1,39,2.56%,6.36
overtime calculator,1,39,2.56%,20.9
75k per year is how much per hour,1,38,2.63%,2
tax on bonus payments,1,38,2.63%,2.34
120 000 salary hourly rate,1,38,2.63%,3.37
minimum wage 16 year old australia,1,38,2.63%,5.21
"$140,000 salary after tax australia",1,38,2.63%,5.61
90000 after tax,1,38,2.63%,8.08
60k per year is how much per hour,1,37,2.7%,2.73
vps3 salary range,1,37,2.7%,8.11
14 year old minimum wage,1,36,2.78%,5.97
minimum wage australia 2026 16 year old,1,36,2.78%,8.33
aps pay rates,1,36,2.78%,10.61
vps salary bands 2026,1,35,2.86%,4.51
55000 after tax australia,1,35,2.86%,5.57
salary calculator nsw,1,35,2.86%,25.46
monthly,1,34,2.94%,2.53
70000 annual salary to hourly,1,34,2.94%,6.56
bonus payments and tax,1,34,2.94%,7.53
tax on 55k australia,1,34,2.94%,7.79
zone tax offset list,1,34,2.94%,8.41
100k hourly rate,1,33,3.03%,2.33
what is the minimum wage for a 13 year old in australia,1,33,3.03%,4.76
tax on 40k,1,33,3.03%,4.82
110k salary after tax australia,1,33,3.03%,6.55
tax on 150k salary australia,1,33,3.03%,7.12
how much tax do i pay on a second job,1,33,3.03%,7.85
180k after tax,1,33,3.03%,8.21
fifo mines australia salary,1,33,3.03%,16.21
80k a year is how much an hour australia,1,32,3.12%,2.03
60000 annual salary to hourly,1,32,3.12%,2.66
90000 per year hourly rate,1,32,3.12%,3.94
90000 annual salary to hourly,1,32,3.12%,4.69
70k a year is how much a week after tax australia,1,32,3.12%,4.75
115k after tax,1,32,3.12%,6.72
lump sum tax calculator,1,32,3.12%,12.5
schads award 2026,1,32,3.12%,20.19
60k annual to hourly,1,31,3.23%,2.29
80000 annual salary to hourly,1,31,3.23%,3
140k a year is how much an hour,1,31,3.23%,3.74
46 an hour is how much a year,1,31,3.23%,5.03
whats the minimum wage for a 15 year old,1,31,3.23%,6
aps pay,1,31,3.23%,11.06
minimum wage in australia for 16 year old,1,30,3.33%,4.63
85 per hour annual salary,1,30,3.33%,4.7
hospitality award pay guide 2026,1,30,3.33%,10.13
wage calculator qld,1,30,3.33%,21.17
what is 80 000 a year hourly,1,29,3.45%,2
110k salary to hourly,1,29,3.45%,2.93
minimum wage 15 year old qld,1,29,3.45%,4.69
vps 3.1 salary,1,29,3.45%,5.55
vps 5 salary range,1,29,3.45%,5.72
43 per hour to annual salary,1,29,3.45%,7.07
minimum wage for 16 year old wa,1,29,3.45%,7.66
80k a year hourly rate,1,28,3.57%,1.89
hourly rate for 100k salary australia,1,28,3.57%,1.93
how much tax on 40000 australia,1,28,3.57%,4.61
$65000 a year is how much an hour,1,28,3.57%,4.89
what is payg schedule 5,1,28,3.57%,8.64
qld teachers pay,1,28,3.57%,12.36
what is hourly rate for 80k,1,27,3.7%,1.93
37.50 an hour is how much a year,1,27,3.7%,2.26
90k annual to hourly,1,27,3.7%,4.07
$53 an hour is how much a year,1,27,3.7%,4.93
vps salary scale,1,27,3.7%,6.78
hourly rate to annual salary australia,1,27,3.7%,9.37
salary calculator qld,1,27,3.7%,24.93
what is hourly rate for 100k,1,26,3.85%,2
80k to hourly,1,26,3.85%,2.12
what is 150k a year hourly,1,26,3.85%,2.12
29.45 an hour is how much a year,1,26,3.85%,2.35
what is 90000 a year hourly,1,26,3.85%,3.92
pay rate for 15 year old casual australia,1,26,3.85%,5.96
170 000 after tax australia,1,26,3.85%,6.15
tax on $170000,1,26,3.85%,6.42
second job tax rate calculator,1,26,3.85%,6.58
$115 000 after tax australia,1,26,3.85%,7.46
$44 an hour is how much a year,1,26,3.85%,7.92
180k salary after tax australia,1,26,3.85%,8.27
final pay calculator,1,26,3.85%,11
second job tax,1,26,3.85%,15.23
85k annual to hourly,1,25,4%,2.12
what is the hourly rate for 100 000 a year,1,25,4%,2.48
ytd meaning in payslip,1,25,4%,3.4
$75000 a year is how much an hour,1,25,4%,3.52
120 per hour annual salary,1,25,4%,4.4
wage for 14 year old australia,1,25,4%,4.68
"$70,000 a year is how much an hour australia",1,25,4%,4.96
27.81 an hour is how much a year,1,24,4.17%,1.58
100k salary to hourly,1,24,4.17%,2.46
i have a hecs debt,1,24,4.17%,2.96
qld,1,24,4.17%,4.04
back pay tax calculator australia,1,24,4.17%,6.46
$28 an hour is how much a year,1,24,4.17%,6.88
education queensland salary schedule,1,24,4.17%,7.96
tax on second job australia,1,24,4.17%,13.17
what is the hourly rate for 65000 a year,1,23,4.35%,2.78
tax on 195k australia,1,23,4.35%,7.04
primary teacher salary qld,1,23,4.35%,9.74
what is 110k a year hourly,1,22,4.55%,2.41
minimum wage qld 15 year old,1,22,4.55%,4.14
65k salary after tax,1,22,4.55%,4.55
how to calculate fortnightly pay from annual salary,1,22,4.55%,4.55
how much per hour is 70000 a year,1,22,4.55%,6
"85,000",1,22,4.55%,6.18
$160 000 after tax australia,1,22,4.55%,6.23
15 year old minimum wage qld,1,22,4.55%,6.36
take home pay 130k australia,1,22,4.55%,7.36
annual leave payout calculator australia,1,22,4.55%,16.18
australia salary calculator,1,22,4.55%,21.09
what is the hourly rate for 75000 a year,1,21,4.76%,2.1
$90 000 a year is how much an hour,1,21,4.76%,4
leave payout calculator,1,21,4.76%,9
14 year old minimum wage australia,1,20,5%,4.05
"schedule 5 – tax table for back payments commissions bonuses and similar 
payments",1,20,5%,7.15
vps 4 salary range,1,20,5%,8.15
"how much tax will i get back if i earn $60,000",1,20,5%,10.7
weekly pay calculator australia,1,20,5%,25.3
what are on costs,1,19,5.26%,1.11
33.05 an hour is how much a year,1,19,5.26%,1.89
what hourly rate is 100k a year,1,19,5.26%,2.26
$55000 a year is how much an hour,1,19,5.26%,2.53
40k a year is how much an hour,1,19,5.26%,3.32
40000 a year is how much an hour,1,19,5.26%,3.58
income tax on 35000 australia,1,19,5.26%,4.68
125000 after tax australia,1,19,5.26%,5.63
vps bands 2026,1,19,5.26%,6.11
75k including super,1,19,5.26%,6.32
tax on bonus australia,1,19,5.26%,6.53
experienced senior teacher salary qld,1,19,5.26%,9.53
youth allowance calculator australia,1,19,5.26%,10.74
how are bonuses taxed in australia,1,18,5.56%,2.39
62 an hour is how much a year,1,18,5.56%,2.61
after taxes,1,18,5.56%,2.83
bonus payment tax,1,18,5.56%,4.89
tax on 75k australia,1,18,5.56%,6.22
schedule 5 tax calculator,1,18,5.56%,6.83
junior rates,1,18,5.56%,7.67
calculate annual salary from hourly rate,1,18,5.56%,7.89
retail wage calculator,1,18,5.56%,7.94
teaching salary qld,1,18,5.56%,10
hospitality pay rates,1,18,5.56%,15.28
retail award rate,1,18,5.56%,32.5
95k salary to hourly,1,17,5.88%,1.35
$110 000 salary to hourly,1,17,5.88%,1.76
80k salary per hour,1,17,5.88%,1.94
34.50 an hour is how much a year,1,17,5.88%,2.76
vps pay rates 2026,1,17,5.88%,3.82
26.44*1.25,1,17,5.88%,4.29
how much of my bonus will be taxed,1,17,5.88%,4.35
$65 000 a year is how much per week,1,17,5.88%,4.71
how much should a 17 year old get paid an hour,1,17,5.88%,6
80 000 per year hourly rate,1,17,5.88%,6.94
minimum wage 20 year old nsw,1,17,5.88%,9.88
$58 an hour is how much a year,1,16,6.25%,3
what is 65k annually per hour,1,16,6.25%,3.56
what is stsl component on schedule 5,1,16,6.25%,3.75
58 per hour annual salary,1,16,6.25%,4
minimum wage for 14 year olds,1,16,6.25%,4.06
185000/12,1,16,6.25%,4.19
what is take home pay on 130k,1,16,6.25%,4.31
part time,1,16,6.25%,4.56
150 per hour annual salary,1,16,6.25%,4.62
how much are bonuses taxed in australia,1,16,6.25%,4.75
55k per year is how much per hour,1,16,6.25%,4.88
70k salary after tax,1,16,6.25%,5.69
70k a year after tax,1,16,6.25%,5.81
fifo mining australia salary,1,16,6.25%,5.81
youth minimum wage australia,1,16,6.25%,6.38
vps4 pay,1,16,6.25%,7.44
pay increase calculator australia,1,16,6.25%,8.81
help debt repayment calculator,1,16,6.25%,15.62
150000 tax,1,16,6.25%,21.88
32.50 an hour is how much a year,1,15,6.67%,2.07
80k per year hourly rate,1,15,6.67%,2.27
14,1,15,6.67%,3.93
how much will i get taxed on my bonus,1,15,6.67%,4.13
how much a week is 70k a year,1,15,6.67%,8.13
sgc rates historical,1,15,6.67%,8.73
150k a year is how much a week,1,14,7.14%,4.07
calculate fortnightly pay from annual salary,1,14,7.14%,5.14
hourly pay to annual salary,1,14,7.14%,6.07
hour to annual salary,1,14,7.14%,6.57
how much does centrelink deduct when working,1,14,7.14%,9.07
junior pay rates nsw,1,14,7.14%,9.36
qtu pay scales 2026,1,14,7.14%,10.14
how much will i be taxed on my bonus,1,13,7.69%,2.69
nat 3348,1,13,7.69%,3.77
how much tax on bonus,1,13,7.69%,4.23
74 000 a year is how much an hour,1,13,7.69%,5.69
wages for 15 year old,1,13,7.69%,6.23
"$115,000 after tax australia",1,13,7.69%,6.62
ato schedule 5 tax table,1,13,7.69%,7.38
qld teacher wages,1,13,7.69%,8.62
hospitality award pay rates 2026,1,13,7.69%,8.77
90000/26,1,13,7.69%,9.38
aps salary calculator,1,13,7.69%,9.92
what is $80000 a year hourly,1,12,8.33%,1.83
95k per year is how much per hour,1,12,8.33%,1.92
what is 95k a year hourly,1,12,8.33%,1.92
100 000 per year hourly,1,12,8.33%,2.25
what is 60 000 a year hourly,1,12,8.33%,3.67
48 dollars an hour is how much a year,1,12,8.33%,3.75
185000 after tax,1,12,8.33%,4.25
$85 000 a year is how much an hour,1,12,8.33%,4.67
schads award level 8 annual salary,1,12,8.33%,4.67
95k a year is how much a week after tax,1,12,8.33%,4.83
$36 per hour annual salary,1,12,8.33%,5.08
aps pay rates 2026,1,12,8.33%,5.33
monthly pay,1,12,8.33%,5.5
80000 salary,1,12,8.33%,5.75
vps salary schedule,1,12,8.33%,6.17
minimum wage australia 2010,1,12,8.33%,6.33
tax payable on 50000,1,12,8.33%,6.75
vps 3 pay,1,12,8.33%,7.08
bonus calculation,1,12,8.33%,7.42
centrelink payment reduction calculator,1,12,8.33%,7.5
what is the minimum wage for a 17 year old,1,12,8.33%,8.5
150k hourly rate,1,11,9.09%,2.09
how to calculate tax on bonus,1,11,9.09%,2.18
how much per hour is 75000 a year,1,11,9.09%,2.27
95k a year is how much an hour after taxes,1,11,9.09%,2.45
if i get paid fortnightly how many paychecks in a year,1,11,9.09%,2.73
hourly rate for 120k a year,1,11,9.09%,3.09
$63 an hour is how much a year,1,11,9.09%,3.45
how much tax do i pay as a subcontractor,1,11,9.09%,4.73
"160,000 after tax",1,11,9.09%,5.09
australia minimum wage history,1,11,9.09%,5.27
calculate bonus tax,1,11,9.09%,5.55
how much an hour is 75000 a year,1,11,9.09%,5.73
aps vs vps,1,11,9.09%,6.82
lito tax offset calculator,1,11,9.09%,7
redundancy calculator wa,1,11,9.09%,7.18
93k a year is how much an hour,1,11,9.09%,7.27
salary calculator sa,1,11,9.09%,8.27
vps value range,1,11,9.09%,9
hourly to yearly salary calculator,1,11,9.09%,9.09
"how much is 1,000 working credits centrelink",1,11,9.09%,10.18
pay rates for 16 year olds,1,11,9.09%,26.55
tax on bonus payment,1,10,10%,1
75k a year hourly rate,1,10,10%,1.3
what is $95 000 a year hourly,1,10,10%,1.7
150k annual salary to hourly,1,10,10%,2
90000 per annum hourly rate,1,10,10%,2.2
110000 salary,1,10,10%,2.4
what is 85 000 a year hourly,1,10,10%,2.5
how to calculate tax on a bonus,1,10,10%,2.7
hourly rate of 100k salary,1,10,10%,2.9
how much is take home pay for 100k,1,10,10%,3.1
$55 000 a year is how much an hour,1,10,10%,3.2
65000 gross to net,1,10,10%,3.4
110k salary,1,10,10%,4
85000 weekly pay after tax,1,10,10%,4
convert hourly to annual salary,1,10,10%,4.1
how much tax do i pay on my bonus,1,10,10%,4.2
70k salary hourly rate,1,10,10%,4.4
minimum pay for 15 year old australia,1,10,10%,4.5
47 dollars an hour is how much a year,1,10,10%,5.5
calculate tax on bonus payment,1,10,10%,5.6
hourly rate to yearly salary,1,10,10%,6.3
low income offset calculator,1,10,10%,7.1
schedule 5 tax rate,1,10,10%,7.8
how to calculate back pay,1,10,10%,7.9
jobseeker tax calculator,1,10,10%,8.4
hospitality pay calculator,1,10,10%,9.4
centrelink payment calculator,1,10,10%,9.6
queensland teacher pay,1,10,10%,12.4
weekly tax tables,1,10,10%,30
110 thousand a year is how much an hour,1,9,11.11%,2.11
if i make 75000 a year how much is that an hour,1,9,11.11%,2.56
$100 000 a year is how much an hour,1,9,11.11%,2.89
75000 per year is how much per hour,1,9,11.11%,2.89
what is 65000 after tax,1,9,11.11%,3.33
100 000 annual salary monthly,1,9,11.11%,4
82k salary to hourly,1,9,11.11%,4.67
63 dollars an hour is how much a year,1,9,11.11%,5
if you make 60 an hour how much is that a year,1,9,11.11%,5
how to work out tax on a bonus,1,9,11.11%,5.22
$125000 after tax australia,1,9,11.11%,5.33
nsw redundancy calculator,1,9,11.11%,6.67
annual salary based on hourly rate,1,9,11.11%,7.44
68000 a year is how much an hour,1,9,11.11%,7.78
income test for youth allowance,1,9,11.11%,11
take home pay calculator australia,1,9,11.11%,17.44
weekly income calculator,1,9,11.11%,32.22
80k hourly,1,8,12.5%,1
how to calculate tax on a bonus payment,1,8,12.5%,1
10000 bonus after tax,1,8,12.5%,1.62
40.49 an hour is how much a year,1,8,12.5%,1.75
how much tax on 35000,1,8,12.5%,1.88
how much do you get taxed on a bonus,1,8,12.5%,2.5
how much is 100k per year hourly,1,8,12.5%,2.5
if i make 60 000 a year how much is that an hour,1,8,12.5%,2.5
75000 per year is how much per week,1,8,12.5%,2.62
calculate tax on overtime,1,8,12.5%,2.62
minimum wage for children,1,8,12.5%,2.75
what is $75 000 a year hourly,1,8,12.5%,2.75
90k per hour,1,8,12.5%,3.12
90000 to hourly rate,1,8,12.5%,3.25
59 per hour annual salary,1,8,12.5%,3.62
minimum wage nsw 14 year old,1,8,12.5%,4.25
140 000 gross to net,1,8,12.5%,4.5
how much tax do i pay on $30 000 australia,1,8,12.5%,5
what is 75000 a year weekly,1,8,12.5%,5.5
take home pay on 100k,1,8,12.5%,5.62
165k after tax,1,8,12.5%,6
60000 tax,1,8,12.5%,6.38
fifo average pay,1,8,12.5%,6.38
55hr is how much a year,1,8,12.5%,6.5
higa pay rates 2026,1,8,12.5%,6.88
125k salary after tax australia,1,8,12.5%,7.38
a02 pay rate,1,8,12.5%,7.62
nat1006 lookup,1,8,12.5%,7.75
what is $38 per hour annually,1,8,12.5%,8.12
qld teacher pay dates 2026,1,8,12.5%,9.5
casual worker tax calculator,1,8,12.5%,9.75
17 year old minimum wage australia,1,8,12.5%,9.88
aps salary schedule,1,8,12.5%,10
2026 weekly tax table pdf,1,8,12.5%,10.38
payslip generator australia free,1,8,12.5%,10.5
casual hospitality rates,1,8,12.5%,12.5
ot calculator,1,8,12.5%,13.5
jobseeker allowance calculator,1,8,12.5%,16.62
150k salary to hourly,1,7,14.29%,1.57
75k salary per hour,1,7,14.29%,1.57
how much tax do i pay on 35000,1,7,14.29%,1.71
hourly rate for 80k,1,7,14.29%,1.86
$62 an hour is how much a year,1,7,14.29%,2
43.50 an hour is how much a year,1,7,14.29%,2
how much is $75000 a year per hour,1,7,14.29%,2
110 000 salary per month,1,7,14.29%,2.29
hourly rate for 140k salary,1,7,14.29%,2.57
in victoria,1,7,14.29%,3.14
fifo jobs australia,1,7,14.29%,3.29
if you make 60000 a year how much is that an hour,1,7,14.29%,3.57
100k salary per month,1,7,14.29%,4.71
fortnight salary,1,7,14.29%,4.86
what does a 15 year old get paid per hour,1,7,14.29%,4.86
$155 000 after tax australia,1,7,14.29%,5
100k base salary after tax,1,7,14.29%,5
nat 1006 tax table 2027,1,7,14.29%,5.57
australia hourly rate to annual salary,1,7,14.29%,6.57
2 jobs tax calculator,1,7,14.29%,6.71
135000 per year,1,7,14.29%,6.86
calculate tax on a bonus,1,7,14.29%,8.71
tax calculator on second job,1,7,14.29%,13.71
calculate net income,1,7,14.29%,19.71
"40,000 after tax",1,6,16.67%,1.17
how much tax will i pay on my bonus australia,1,6,16.67%,1.5
what is a 75k salary hourly,1,6,16.67%,1.5
75k as an hourly rate,1,6,16.67%,1.67
minimum wage australia last 10 years,1,6,16.67%,1.67
how much is 100 thousand a year hourly,1,6,16.67%,1.83
what is 150 000 a year hourly,1,6,16.67%,1.83
15k bonus after tax,1,6,16.67%,2.67
65000 per hour,1,6,16.67%,3
$39.13 an hour is how much a year,1,6,16.67%,3.17
160000 a year,1,6,16.67%,3.67
hourly to yearly wage,1,6,16.67%,3.83
$46/hr annual salary,1,6,16.67%,4
minimum wage 2014,1,6,16.67%,4
160000 salary after tax,1,6,16.67%,4.33
nsw minimum wage 15 year old,1,6,16.67%,4.33
tax on $120k,1,6,16.67%,4.33
how much back pay will i get,1,6,16.67%,4.67
payg on bonus,1,6,16.67%,4.67
140k before tax,1,6,16.67%,4.83
part time to full time calculator,1,6,16.67%,5
47 per hour is how much per year,1,6,16.67%,6
$49 per hour annual salary,1,6,16.67%,6.17
hourly pay to annual salary calculator,1,6,16.67%,6.17
how much are hecs repayments,1,6,16.67%,6.17
15 year old hourly rate,1,6,16.67%,6.67
hourly to annual calculator,1,6,16.67%,6.67
45$ an hour yearly salary,1,6,16.67%,6.83
hourly to annual salary australia,1,6,16.67%,7.5
ytd payslip calculator,1,6,16.67%,8.83
vgsa teacher salary,1,6,16.67%,9.33
110000 take home,1,5,20%,1
if i earned 70000 how much tax,1,5,20%,1
67 per hour annual salary,1,5,20%,1.4
how much will my bonus be taxed australia,1,5,20%,1.4
100k net salary,1,5,20%,1.6
60k per hour salary,1,5,20%,1.6
what is hourly rate for 150k a year,1,5,20%,1.6
110 000 annual salary to hourly,1,5,20%,1.8
80000 per year to hourly,1,5,20%,1.8
no medicare levy,1,5,20%,1.8
what is the hourly rate for 130 000 a year,1,5,20%,1.8
work out tax on bonus,1,5,20%,1.8
$100k per year is how much per hour,1,5,20%,2
child minimum wage,1,5,20%,2
how to calculate bonus tax,1,5,20%,2
what is hourly rate for 75k,1,5,20%,2
140000 salary hourly rate,1,5,20%,2.4
tax rate on 95000 annual salary,1,5,20%,2.4
41 per hour annual salary after tax,1,5,20%,2.6
120k + super,1,5,20%,3
tax free threshold,1,5,20%,3
5k bonus after tax,1,5,20%,3.2
80000 per hour,1,5,20%,3.2
16yo minimum wage,1,5,20%,3.4
100k a year to hourly,1,5,20%,3.6
60000 yearly to hourly,1,5,20%,3.6
36 hourly rate to annual salary,1,5,20%,4
how much tax do teachers pay,1,5,20%,4
how much tax do you pay on commission,1,5,20%,4
minimum wage for 16 years old,1,5,20%,4
125000 salary,1,5,20%,4.2
department of education pay scales,1,5,20%,4.4
how much does a 15 year old make at maccas,1,5,20%,4.4
what is the net pay for 75000 a year,1,5,20%,4.4
aps award rates,1,5,20%,4.6
how to work out tax on bonus,1,5,20%,4.8
net income on 200k salary,1,5,20%,4.8
115k take home pay,1,5,20%,5
what is 47 an hour annually,1,5,20%,5.2
how much tax do you pay on 50 000 a year,1,5,20%,5.4
teacher wage increase,1,5,20%,5.8
salary and bonus calculator,1,5,20%,6.4
75k a year,1,5,20%,7
take home pay 170k australia,1,5,20%,7
tax calculator for multiple jobs,1,5,20%,7
secondary job tax calculator,1,5,20%,7.2
statutory redundancy pay calculator,1,5,20%,8.2
level 6 chef pay rate full time,1,5,20%,8.6
queensland teacher pay scale pdf,1,5,20%,9.2
hourly to yearly wage calculator,1,5,20%,13.6
what is $100k per hour,1,5,20%,13.6
45k per year is how much per hour,1,5,20%,16.4
hospitality rates,1,5,20%,18.4
redundancy pay calculator australia,1,5,20%,23.4
hourly rate and annual salary,1,5,20%,30.8
75k a year is how much per hour,1,4,25%,1.5
bonus salary,1,4,25%,1.75
calculate my bonus,1,4,25%,1.75
how much is 85k per hour,1,4,25%,2
salary bonus calculator,1,4,25%,2
what is 75000 per year hourly,1,4,25%,2
100000 annual salary to hourly,1,4,25%,2.25
how much is 100k per hour,1,4,25%,2.25
tax payable on 35000 australia,1,4,25%,2.25
how much of my bonus is taxed,1,4,25%,2.5
salary bonus tax calculator,1,4,25%,2.5
how much a week is 200k a year,1,4,25%,2.75
100.000 a year is how much an hour,1,4,25%,3
90000 per hour,1,4,25%,3
bonus salary calculator,1,4,25%,3
hecs interest rate,1,4,25%,3
tax calculator with second job,1,4,25%,3
23.56 an hour is how much a year,1,4,25%,3.25
if i get a 20000 bonus how much tax,1,4,25%,3.5
what tax bracket is 75k a year,1,4,25%,3.5
are bonuses taxed differently,1,4,25%,3.75
pay scale department of education,1,4,25%,3.75
tax calculator 2nd job,1,4,25%,3.75
180k salary,1,4,25%,4
calculate pay rise after tax,1,4,25%,4
overtime 2.0,1,4,25%,4
teacher wage increase 2026,1,4,25%,4
80000 a year,1,4,25%,4.25
60 000 salary to hourly,1,4,25%,4.5
what about 200k,1,4,25%,4.75
multiple job tax calculator,1,4,25%,5
hour to annual salary calculator,1,4,25%,5.25
120k annual salary to monthly,1,4,25%,5.75
salary per hour to annual,1,4,25%,5.75
fifo wages,1,4,25%,6
$160000,1,4,25%,6.75
aps 8 salary,1,4,25%,6.75
zone a tax offset calculator,1,4,25%,7
full time to part time calculator,1,4,25%,7.75
how much is $70 an hour annually,1,4,25%,8
140 000 salary after tax,1,4,25%,9.25
year to date income calculator ato,1,4,25%,9.25
salary vs hourly rate,1,4,25%,12.25
tax on redundancy payments calculator australia,1,4,25%,17.25
how is redundancy calculated,1,4,25%,19.25
how is redundancy calculated in australia,1,4,25%,21.75
pay calculator after tax,1,4,25%,24
purchased leave calculator,1,4,25%,42.5
65000 net pay,1,3,33.33%,1
how much tax should i pay on 75000,1,3,33.33%,1
if i get a 10000 bonus how much tax,1,3,33.33%,1
if my salary is 70000 how much will i take home,1,3,33.33%,1
tax for bonus payments,1,3,33.33%,1
tax rate on 80000 annual salary,1,3,33.33%,1
95 thousand a year is how much an hour,1,3,33.33%,1.33
95k annual salary to hourly,1,3,33.33%,1.33
salary band,1,3,33.33%,1.33
what is 130 000 salary hourly,1,3,33.33%,1.33
100k annual salary to hourly,1,3,33.33%,1.67
120 dollars an hour yearly salary,1,3,33.33%,1.67
46.60 an hour is how much a year,1,3,33.33%,1.67
73 an hour is how much a year,1,3,33.33%,1.67
80k as an hourly rate,1,3,33.33%,1.67
bonus post tax calculator,1,3,33.33%,1.67
if i earn 60k a year how much is that an hour,1,3,33.33%,1.67
if my salary is 90000 what is my hourly rate,1,3,33.33%,1.67
$34.50 an hour is how much a year,1,3,33.33%,2
$83 an hour is how much a year,1,3,33.33%,2
100k per year is how much an hour,1,3,33.33%,2
140 hr yearly salary,1,3,33.33%,2
50000 annual to hourly,1,3,33.33%,2
80k to hourly pay,1,3,33.33%,2
final pay calculator ato,1,3,33.33%,2
hourly to annual rate,1,3,33.33%,2
130k to hourly rate,1,3,33.33%,2.33
what is 79 an hour annually,1,3,33.33%,2.33
hospitality pay,1,3,33.33%,2.67
how to calculate tax on commission,1,3,33.33%,2.67
have hecs,1,3,33.33%,3
28.85 hourly to salary,1,3,33.33%,3.33
33.10 an hour is how much a year,1,3,33.33%,3.33
56 hourly to annual salary,1,3,33.33%,3.33
75000 annually to hourly,1,3,33.33%,3.33
tax calculator including bonus,1,3,33.33%,3.33
underpayment calculator,1,3,33.33%,3.33
30.15 an hour is how much a year,1,3,33.33%,3.67
45k a year weekly pay,1,3,33.33%,3.67
120k per year is how much hourly,1,3,33.33%,4
90 000 salary hourly rate,1,3,33.33%,4
aps increase 2026,1,3,33.33%,4
bonus tax calculation,1,3,33.33%,4
what about for a 14 year old,1,3,33.33%,4
a03 pay rate,1,3,33.33%,4.33
hod pay scale,1,3,33.33%,4.33
hourly pay to yearly,1,3,33.33%,5
take home pay on 140000,1,3,33.33%,5
qtu,1,3,33.33%,5.33
tax paid on bonus calculator,1,3,33.33%,5.33
65000 income tax calculator,1,3,33.33%,5.67
take home pay on 70000,1,3,33.33%,5.67
aps pay calendar 2026,1,3,33.33%,6
payg rates 2026,1,3,33.33%,6.33
updated teachers salary 2026,1,3,33.33%,6.33
how much do teachers earn in australia per month,1,3,33.33%,7
how to work out an annual salary from hourly rate,1,3,33.33%,7
70k per annum after tax,1,3,33.33%,7.33
calculate salary based on hourly rate,1,3,33.33%,7.33
reverse income calculator,1,3,33.33%,7.67
115 k a year is how much an hour,1,3,33.33%,9
nurse salary calculator,1,3,33.33%,9
take home on 75k salary,1,3,33.33%,9.33
how to calculate weekly pay from annual salary,1,3,33.33%,11.33
redundancy payment calculator nsw,1,3,33.33%,14
final payment calculator,1,3,33.33%,16.33
sunday hospitality rates,1,3,33.33%,17.33
wage calculator after tax,1,3,33.33%,18.67
working holiday visa tax rates,1,3,33.33%,28
12k bonus after tax,1,2,50%,1
155000 salary,1,2,50%,1
175k,1,2,50%,1
33.50 per hour annual salary,1,2,50%,1
5 year redundancy pay,1,2,50%,1
60000 annual income,1,2,50%,1
bonus net calculator,1,2,50%,1
calculate bonus take home pay,1,2,50%,1
calculate net bonus,1,2,50%,1
hospitality rates casual,1,2,50%,1
hourly rate for 175k salary,1,2,50%,1
how much does city beach pay 15 year olds,1,2,50%,1
how much is redundancy,1,2,50%,1
how much is sapto,1,2,50%,1
how much will my bonus be taxed calculator,1,2,50%,1
if you earn 70000 how much tax,1,2,50%,1
income tax on bonus pay,1,2,50%,1
income tax on bonus payments,1,2,50%,1
net bonus pay calculator,1,2,50%,1
one time bonus tax calculator,1,2,50%,1
pay rate for food and beverage attendant,1,2,50%,1
what is $35 an hour annually after taxes,1,2,50%,1
130k salary hourly rate,1,2,50%,1.5
40 hour to annual,1,2,50%,1.5
47.50 per hour yearly salary,1,2,50%,1.5
aps3,1,2,50%,1.5
company bonus calculator,1,2,50%,1.5
how do bonuses get taxed,1,2,50%,1.5
income tax calculator bonus,1,2,50%,1.5
overtime take home pay calculator,1,2,50%,1.5
what is 80k a year an hour,1,2,50%,1.5
what is the hourly pay for 100k a year,1,2,50%,1.5
$60k a year is how much an hour,1,2,50%,2
$62.50 an hour is how much a year,1,2,50%,2
150k a year hourly,1,2,50%,2
28.31 an hour is how much a year,1,2,50%,2
39.09 an hour is how much a year,1,2,50%,2
40 000 salary to hourly,1,2,50%,2
42.80 an hour is how much a year,1,2,50%,2
46.50 an hour is how much a year,1,2,50%,2
how much do they get payed,1,2,50%,2
retention bonus calculator,1,2,50%,2
what is 80k yearly hourly,1,2,50%,2
what is hourly rate for 110k a year,1,2,50%,2
yes both,1,2,50%,2
100 000 salary weekly pay,1,2,50%,2.5
65k-70k a year is how much an hour,1,2,50%,2.5
tax tables,1,2,50%,2.5
85k per hour,1,2,50%,3
95000 per hour,1,2,50%,3
bonus tax deduction calculator,1,2,50%,3
full time wage calculator,1,2,50%,3
gross annual,1,2,50%,3
how much backpay will i get,1,2,50%,3
how to calculate my bonus after tax,1,2,50%,3
tax on my bonus,1,2,50%,3
100000 a month,1,2,50%,3.5
32.88 an hour is how much a year,1,2,50%,3.5