kw,vol,kd
"aged care award",1300,
"airline operations award",20,
"airport award",30,
"ambulance award",70,
"amusement award",480,
"animal care award",140,2
"aquaculture award",90,
"architects award",880,
"bakery award",70,
"banking award",140,
"building and construction award",2900,
"call centre award",140,
"car park award",30,
"cement award",10,
"childcare award pay rates",30,
"children's services award",,22
"cleaning award",880,
"clerks award",6600,
"clubs award",110,
"commercial sales award",480,
"concrete award",30,10
"contract call centre award",70,
"disability support award",,15
"dry cleaning award",20,9
"early childhood award",170,2
"educational services award",210,
"electrical award",1300,
"engineering award",140,20
"fast food award",8100,13
"fitness industry award",1300,
"food award",140,16
"funeral award",30,
"gardening award",140,
"glass award",90,
"graphic arts award",110,
"hair and beauty award",1000,
"health professionals award",1000,
"higher education award",170,
"horticulture award",1000,
"hospitality award",5400,
"joinery award",260,
"journalists award",110,9
"landscaping award",390,2
"laundry award",40,
"legal services award",1900,
"live performance award",720,1
"local government award",720,
"manufacturing award",3600,
"marine award",30,41
"meat industry award",480,
"medical practitioners award",140,
"mining award",590,
"miscellaneous award",3600,
"nursery award",210,
"nurses award",2900,
"pastoral award",1300,
"pharmacy award",2400,
"plumbing award",720,
"poultry award",40,
"printing award",70,
"quarrying award",20,9
"racing industry award",10,41
"rail award",40,
"real estate award",1000,
"registered clubs award",260,
"retail award",4400,3
"road transport award",590,
"schads award",14800,12
"seafarers award",,
"security award",480,
"social and community services award",320,
"sporting organisations award",140,
"stevedoring award",70,
"storage services award",390,
"supported employment award",20,
"teachers award",880,3
"telecommunications award",140,
"textile award",140,
"timber award",480,
"university award",50,9
"vehicle repair award",140,
"water industry award",110,
"wine award",140,8
