domain,kw,vol,kd,intent,pos,url
"paycal","calculate wage",301000,15,"informational",13,"https://paycal.com.au/"
"paycal","calculator for wages",301000,33,"informational",13,"https://paycal.com.au/"
"paycal","pay calculator",301000,33,"informational",12,"https://paycal.com.au/"
"paycal","gst cal",110000,6,"navigational",14,"https://paycal.com.au/gst-calculator/"
"paycal","salary calculator",60500,14,"informational",15,"https://paycal.com.au/"
"paycal","au pay calculator",40500,33,"informational",12,"https://paycal.com.au/"
"paycal","au salary calculator",40500,33,"informational",12,"https://paycal.com.au/"
"paycal","aus pay calculator",40500,11,"informational",11,"https://paycal.com.au/"
"paycal","aus salary calculator",40500,33,"informational",12,"https://paycal.com.au/"
"paycal","aus wage calculator",40500,6,"informational",10,"https://paycal.com.au/"
"paycal","australia pay calculator",40500,11,"informational",10,"https://paycal.com.au/"
"paycal","australia payment calculator",40500,8,"transactional",11,"https://paycal.com.au/"
"paycal","australia salary calculator",40500,13,"informational",10,"https://paycal.com.au/"
"paycal","australia wage calculator",40500,16,"informational",10,"https://paycal.com.au/"
"paycal","australian salary calculator",40500,33,"informational",11,"https://paycal.com.au/"
"paycal","pay calculator australia",40500,34,"informational",13,"https://paycal.com.au/"
"paycal","payment calculator australia",40500,28,"informational",14,"https://paycal.com.au/"
"paycal","salary pay calculator australia",40500,34,"informational",11,"https://paycal.com.au/"
"paycal","salary paycheck calculator adp",27100,35,"informational",13,"https://paycal.com.au/"
"paycal","pay",22200,53,"informational",15,"https://paycal.com.au/"
"paycal","adp paycheck calculator",14800,27,"informational",15,"https://paycal.com.au/"
"paycal","calculate take home salary",14800,1,"informational",12,"https://paycal.com.au/"
"paycal","pay calculator adp",14800,40,"informational",14,"https://paycal.com.au/"
"paycal","paycheck calculator take home",14800,12,"informational",9,"https://paycal.com.au/take-home-pay-calculator/"
"paycal","payroll calculator adp",14800,28,"informational",15,"https://paycal.com.au/"
"paycal","salary take home calculator",14800,1,"informational",12,"https://paycal.com.au/"
"paycal","take home pay cal",14800,4,"transactional",12,"https://paycal.com.au/"
"paycal","take home pay calculator",14800,4,"informational",13,"https://paycal.com.au/"
"paycal","take home pay to salary calculator",14800,1,"transactional",11,"https://paycal.com.au/"
"paycal","taxable income calculator australia",14800,11,"informational",15,"https://paycal.com.au/"
"paycal","smart assets paycheck calculator",12100,41,"informational",14,"https://paycal.com.au/"
"paycal","salary rate calculator",9900,13,"informational",10,"https://paycal.com.au/"
"paycal","paycalc",8100,26,"informational",7,"https://paycal.com.au/"
"paycal","calculate hecs repayment",6600,,"informational",10,"https://paycal.com.au/student-loan-repayment-calculator/"
"paycal","calculate hecs repayments",6600,2,"informational",9,"https://paycal.com.au/student-loan-repayment-calculator/"
"paycal","calculate wages after tax",6600,7,"informational",14,"https://paycal.com.au/"
"paycal","hecs pay calculator",6600,,"informational",5,"https://paycal.com.au/student-loan-repayment-calculator/"
"paycal","hecs repayment calculator",6600,1,"informational",8,"https://paycal.com.au/student-loan-repayment-calculator/"
"paycal","pay after tax calculator",6600,7,"informational",15,"https://paycal.com.au/"
"paycal","post tax income calculator",6600,7,"informational",15,"https://paycal.com.au/"
"paycal","calculate net salary",5400,1,"informational",14,"https://paycal.com.au/"
"paycal","estimating net pay",5400,14,"informational",13,"https://paycal.com.au/"
"paycal","net pay calculator",5400,3,"informational",14,"https://paycal.com.au/"
"paycal","net wage calculator",5400,,"informational",13,"https://paycal.com.au/"
"paycal","pay calculator nsw",5400,15,"informational",10,"https://paycal.com.au/"
"paycal","paycheck net calculator",5400,53,"informational",13,"https://paycal.com.au/"
"paycal","salary take home pay calculator australia",5400,4,"informational",12,"https://paycal.com.au/"
"paycal","take home pay calculator australia",5400,5,"informational",11,"https://paycal.com.au/"
"paycal","wage calculator nsw",5400,39,"informational",10,"https://paycal.com.au/pay-calculator-nsw/"
"paycal","paycheck calculator",4400,53,"informational",13,"https://paycal.com.au/"
"paycal","payroll calculator",4400,11,"informational",12,"https://paycal.com.au/"
"paycal","repayment of hecs",4400,14,"transactional",13,"https://paycal.com.au/student-loan-repayment-calculator/"
"paycal","wage and tax calculator",3600,9,"informational",13,"https://paycal.com.au/"
"paycal","wage tax calculator",3600,38,"informational",14,"https://paycal.com.au/"
"paycal","nsw vehicle registration cost",2900,2,"informational",15,"https://paycal.com.au/vehicle-registration-calculator/"
"paycal","nsw vehicle registration costs",2900,1,"informational",13,"https://paycal.com.au/vehicle-registration-calculator/"
"paycal","pay finder",2900,34,"navigational",10,"https://paycal.com.au/contractor-pay-calculator/"
"paycal","salary calculator seek",2900,9,"informational",9,"https://paycal.com.au/"
"paycal","seek pay calculator",2900,10,"informational",5,"https://paycal.com.au/"
"paycal","seek salary calculator",2900,3,"informational",11,"https://paycal.com.au/"
"paycal","adp hourly paycheck calculator",2400,21,"informational",15,"https://paycal.com.au/"
"paycal","calculating pay rate",2400,8,"informational",8,"https://paycal.com.au/contractor-pay-calculator/"
"paycal","paycal",2400,7,"informational",2,"https://paycal.com.au/"
"paycal","paycheck calculator adp hourly",2400,49,"informational",11,"https://paycal.com.au/"
"paycal","wage rate calculator",2400,9,"informational",9,"https://paycal.com.au/contractor-pay-calculator/"
"paycal","annual earning calculator",1900,4,"informational",13,"https://paycal.com.au/"
"paycal","annual income calculator",1900,24,"informational",13,"https://paycal.com.au/"
"paycal","annual wage calculator",1900,13,"informational",10,"https://paycal.com.au/"
"paycal","calculate annual salary",1900,9,"informational",15,"https://paycal.com.au/"
"paycal","hour wage calculator",1900,43,"informational",12,"https://paycal.com.au/contractor-pay-calculator/"
"paycal","hourly wages calculator",1900,46,"informational",13,"https://paycal.com.au/contractor-pay-calculator/"
"paycal","hours and pay calculator",1900,18,"informational",14,"https://paycal.com.au/"
"paycal","income yearly calculator",1900,24,"informational",11,"https://paycal.com.au/"
"paycal","net pay calculator australia",1900,4,"informational",12,"https://paycal.com.au/"
"paycal","net salary calculator australia",1900,4,"informational",15,"https://paycal.com.au/"
"paycal","pay calculator qld",1900,38,"informational",10,"https://paycal.com.au/"
"paycal","pay calculator queensland",1900,15,"informational",10,"https://paycal.com.au/pay-calculator-qld/"
"paycal","salary calculator qld",1900,10,"informational",9,"https://paycal.com.au/"
"paycal","wages calculator per hour",1900,9,"informational",13,"https://paycal.com.au/contractor-pay-calculator/"
"paycal","weekly pay calculator",1900,11,"informational",11,"https://paycal.com.au/"
"paycal","weekly paycheck calculator",1900,15,"informational",10,"https://paycal.com.au/"
"paycal","yearly salary calculator",1900,24,"informational",11,"https://paycal.com.au/"
"paycal","annual salary calculator",1600,11,"informational",12,"https://paycal.com.au/"
"paycal","calculate hecs",1600,,"informational",13,"https://paycal.com.au/student-loan-repayment-calculator/"
"paycal","calculator for gross pay",1600,,"informational",12,"https://paycal.com.au/"
"paycal","fee help calculator",1600,11,"informational",9,"https://paycal.com.au/student-loan-repayment-calculator/"
"paycal","fee-help calculator",1600,11,"informational",9,"https://paycal.com.au/student-loan-repayment-calculator/"
"paycal","gross pay estimator",1600,1,"informational",8,"https://paycal.com.au/"
"paycal","hecs calculator",1600,,"informational",8,"https://paycal.com.au/student-loan-repayment-calculator/"
"paycal","hecs debt repayment",1600,17,"informational",13,"https://paycal.com.au/student-loan-repayment-calculator/"
"paycal","hecs debt repayments",1600,14,"informational",15,"https://paycal.com.au/student-loan-repayment-calculator/"
"paycal","my pay calculator",1600,11,"informational",12,"https://paycal.com.au/"
"paycal","nsw rego calculator",1600,,"informational",7,"https://paycal.com.au/vehicle-registration-calculator/"
"paycal","nsw rego quote",1600,,"navigational",5,"https://paycal.com.au/vehicle-registration-calculator/"
"paycal","paycheck gross calculator",1600,35,"informational",13,"https://paycal.com.au/"
"paycal","payment slip template",1600,6,"informational",7,"https://paycal.com.au/payslip-generator/"
"paycal","rego calculator",1600,23,"informational",11,"https://paycal.com.au/vehicle-registration-calculator/"
"paycal","rego calculator nsw",1600,,"informational",6,"https://paycal.com.au/vehicle-registration-calculator/"
"paycal","rego quote nsw",1600,,"navigational",9,"https://paycal.com.au/vehicle-registration-calculator/"
"paycal","take home pay",1600,1,"informational",13,"https://paycal.com.au/take-home-pay-calculator/"
"paycal","tax and salary calculator",1600,10,"informational",13,"https://paycal.com.au/"
"paycal","calculate gross salary",1300,,"informational",15,"https://paycal.com.au/"
"paycal","calculate my pay",1300,15,"informational",14,"https://paycal.com.au/"
"paycal","gross pay calculator",1300,,"informational",15,"https://paycal.com.au/"
"paycal","gross wage calculator",1300,2,"informational",15,"https://paycal.com.au/"
"paycal","gross wages calculator",1300,2,"informational",15,"https://paycal.com.au/"
"paycal","income calculator gross",1300,12,"informational",14,"https://paycal.com.au/"
"paycal","pay calculator vic",1300,17,"informational",10,"https://paycal.com.au/"
"paycal","pay calculator wa",1300,38,"informational",11,"https://paycal.com.au/"
"paycal","pay salary calculator",1300,11,"informational",10,"https://paycal.com.au/"
"paycal","payment slip",1300,1,"informational",10,"https://paycal.com.au/payslip-generator/"
"paycal","salary calculator gross",1300,7,"informational",15,"https://paycal.com.au/"
"paycal","salary wages calculator",1300,7,"informational",6,"https://paycal.com.au/"
"paycal","seek calculator",1300,18,"informational",9,"https://paycal.com.au/"
"paycal","stamp duty vehicles nsw",1300,5,"commercial",13,"https://paycal.com.au/vehicle-registration-calculator/"
"paycal","vehicle stamp duty nsw",1300,17,"informational",13,"https://paycal.com.au/vehicle-registration-calculator/"
"paycal","vic salary calculator",1300,17,"informational",9,"https://paycal.com.au/pay-calculator-vic/"
"paycal","wage calculator vic",1300,15,"informational",10,"https://paycal.com.au/"
"paycal","fortnightly pay calculator",1000,8,"informational",9,"https://paycal.com.au/"
"paycal","fortnightly payment calculator",1000,10,"informational",10,"https://paycal.com.au/"
"paycal","nsw rego price",1000,2,"informational",13,"https://paycal.com.au/vehicle-registration-calculator/"
"paycal","pay after tax calculator australia",1000,12,"informational",10,"https://paycal.com.au/"
"paycal","pay calculator 2025",1000,14,"informational",9,"https://paycal.com.au/"
"paycal","pay calculator hourly rate",1000,8,"informational",7,"https://paycal.com.au/contractor-pay-calculator/"
"paycal","paycalculator aus",1000,8,"informational",8,"https://paycal.com.au/"
"paycal","paycheck calculator australia",1000,3,"informational",10,"https://paycal.com.au/"
"paycal","paye calculator australia",1000,9,"informational",12,"https://paycal.com.au/"
"paycal","annual salary",880,15,"informational",14,"https://paycal.com.au/"
"paycal","annual tax calculator",880,12,"informational",12,"https://paycal.com.au/"
"paycal","australian invoice template free",880,5,"informational",11,"https://paycal.com.au/invoice-generator/"
"paycal","australian salary",880,19,"informational",15,"https://paycal.com.au/"
"paycal","calculate my wage",880,15,"informational",12,"https://paycal.com.au/"
"paycal","estimate income after taxes",880,4,"informational",13,"https://paycal.com.au/"
"paycal","gross net calculator",880,5,"informational",13,"https://paycal.com.au/"
"paycal","gross to net calculator",880,5,"informational",13,"https://paycal.com.au/"
"paycal","hourly pay calculator australia",880,3,"informational",7,"https://paycal.com.au/contractor-pay-calculator/"
"paycal","hourly rate calculator australia",880,3,"informational",6,"https://paycal.com.au/contractor-pay-calculator/"
"paycal","monthly pay calculator",880,12,"informational",7,"https://paycal.com.au/"
"paycal","monthly salary calculator",880,12,"informational",10,"https://paycal.com.au/"
"paycal","mypay calculator",880,34,"navigational",12,"https://paycal.com.au/"
"paycal","net calculation",880,18,"informational",9,"https://paycal.com.au/"
"paycal","net pay to salary calculator",880,1,"informational",13,"https://paycal.com.au/"
"paycal","net salary calculator",880,4,"informational",13,"https://paycal.com.au/"
"paycal","pay calculator australia hourly rate",880,3,"informational",7,"https://paycal.com.au/contractor-pay-calculator/"
"paycal","pay calculator hourly rate australia",880,3,"informational",7,"https://paycal.com.au/contractor-pay-calculator/"
"paycal","pay calculator pro rata",880,5,"informational",7,"https://paycal.com.au/"
"paycal","paycheckcity calculator salary",880,10,"informational",10,"https://paycal.com.au/"
"paycal","payscale calculator",880,15,"informational",7,"https://paycal.com.au/"
"paycal","payslip generator",880,,"transactional",2,"https://paycal.com.au/payslip-generator/"
"paycal","pro rata pay calculator",880,10,"informational",9,"https://paycal.com.au/"
"paycal","pro rata payment calculator",880,,"informational",11,"https://paycal.com.au/"
"paycal","pro rata salary calculator",880,5,"informational",10,"https://paycal.com.au/"
"paycal","rego quote",880,23,"informational",15,"https://paycal.com.au/vehicle-registration-calculator/"
"paycal","salary and super calculator",880,9,"informational",4,"https://paycal.com.au/"
"paycal","salary aus",880,19,"informational",11,"https://paycal.com.au/"
"paycal","salary calculator australia hourly",880,1,"informational",7,"https://paycal.com.au/contractor-pay-calculator/"
"paycal","salary checker pro rata",880,3,"informational",11,"https://paycal.com.au/"
"paycal","salary pro rata calculator",880,3,"informational",8,"https://paycal.com.au/"
"paycal","salary to hourly rate calculator australia",880,,"informational",13,"https://paycal.com.au/contractor-pay-calculator/"
"paycal","seek tax calculator",880,8,"informational",9,"https://paycal.com.au/"
"paycal","wage calculator pro rata",880,5,"commercial",8,"https://paycal.com.au/"
"paycal","wage yearly",880,23,"informational",14,"https://paycal.com.au/"
"paycal","hourly salary calculator",720,43,"informational",11,"https://paycal.com.au/contractor-pay-calculator/"
"paycal","how much tax will i pay calculator",720,10,"informational",12,"https://paycal.com.au/"
"paycal","hr salary calculator",720,6,"informational",12,"https://paycal.com.au/contractor-pay-calculator/"
"paycal","income pay calculator",720,3,"informational",15,"https://paycal.com.au/"
"paycal","pay australia",720,53,"informational",12,"https://paycal.com.au/"
"paycal","pay calculator victoria",720,19,"informational",11,"https://paycal.com.au/"
"paycal","pay tax calculator australia",720,12,"informational",15,"https://paycal.com.au/"
"paycal","paye australia",720,19,"informational",7,"https://paycal.com.au/"
"paycal","salary and wages calculator",720,38,"informational",12,"https://paycal.com.au/contractor-pay-calculator/"
"paycal","salary calculator nsw",720,7,"informational",6,"https://paycal.com.au/"
"paycal","salary calculator sydney",720,15,"informational",10,"https://paycal.com.au/"
"paycal","salary calculator victoria",720,12,"informational",10,"https://paycal.com.au/"
"paycal","take home salary calculator",720,1,"informational",13,"https://paycal.com.au/"
"paycal","tax on salary calculator australia",720,38,"informational",15,"https://paycal.com.au/"
"paycal","tax salary calculator",720,10,"informational",13,"https://paycal.com.au/"
"paycal","vehicle registration calculator",720,23,"informational",12,"https://paycal.com.au/vehicle-registration-calculator/"
"paycal","wage calculator victoria",720,39,"informational",14,"https://paycal.com.au/"
"paycal","wage to salary calculator",720,10,"informational",10,"https://paycal.com.au/"
"paycal","wages calculator victoria",720,15,"informational",10,"https://paycal.com.au/"
"paycal","australian tax calculator weekly",590,13,"informational",15,"https://paycal.com.au/blogs/"
"paycal","calculate contractor pay",590,,"informational",1,"https://paycal.com.au/contractor-pay-calculator/"
"paycal","calculate contractor salary",590,,"informational",1,"https://paycal.com.au/contractor-pay-calculator/"
"paycal","calculator for wages per hour",590,42,"informational",9,"https://paycal.com.au/contractor-pay-calculator/"
"paycal","calculator pay per hour",590,42,"informational",10,"https://paycal.com.au/contractor-pay-calculator/"
"paycal","contract pay calculator",590,,"informational",1,"https://paycal.com.au/contractor-pay-calculator/"
"paycal","contract salary calculator",590,,"informational",1,"https://paycal.com.au/contractor-pay-calculator/"
"paycal","contract to salary calculator",590,,"informational",1,"https://paycal.com.au/contractor-pay-calculator/"
"paycal","contracting salary calculator",590,,"informational",1,"https://paycal.com.au/contractor-pay-calculator/"
"paycal","contractor pay calculator",590,,"informational",1,"https://paycal.com.au/contractor-pay-calculator/"
"paycal","contractor payment calculator",590,,"informational",1,"https://paycal.com.au/contractor-pay-calculator/"
"paycal","contractor salary calculator",590,,"informational",1,"https://paycal.com.au/contractor-pay-calculator/"
"paycal","contractor to salary calculator",590,,"informational",1,"https://paycal.com.au/contractor-pay-calculator/"
"paycal","contractor wage calculator",590,,"informational",1,"https://paycal.com.au/contractor-pay-calculator/"
"paycal","contractor wages calculator",590,,"informational",1,"https://paycal.com.au/contractor-pay-calculator/"
"paycal","contractor-to-salary-calculator",590,,"informational",1,"https://paycal.com.au/contractor-pay-calculator/"
"paycal","contractors pay calculator",590,,"informational",1,"https://paycal.com.au/contractor-pay-calculator/"
"paycal","excluding gst calculator",590,4,"informational",10,"https://paycal.com.au/gst-calculator/"
"paycal","free quote",590,2,"commercial",3,"https://paycal.com.au/quote-generator/"
"paycal","gross income net income calculator",590,1,"informational",14,"https://paycal.com.au/"
"paycal","gross salary to net salary calculator",590,1,"informational",11,"https://paycal.com.au/"
"paycal","hecs debt repayment calculator",590,1,"informational",3,"https://paycal.com.au/student-loan-repayment-calculator/"
"paycal","hourly to wage",590,3,"informational",11,"https://paycal.com.au/hourly-to-salary-calculator/"
"paycal","net income to gross calculator",590,2,"informational",15,"https://paycal.com.au/"
"paycal","net income to gross income calculator",590,,"informational",13,"https://paycal.com.au/"
"paycal","net to gross calculation",590,1,"informational",14,"https://paycal.com.au/"
"paycal","net to gross income calculator",590,1,"informational",15,"https://paycal.com.au/"
"paycal","net to gross salary calculator",590,1,"informational",12,"https://paycal.com.au/"
"paycal","nsw car transfer fee",590,16,"commercial",14,"https://paycal.com.au/vehicle-registration-calculator/"
"paycal","paid per hour calculator",590,43,"informational",13,"https://paycal.com.au/contractor-pay-calculator/"
"paycal","pay calculator for contractors",590,,"informational",1,"https://paycal.com.au/contractor-pay-calculator/"
"paycal","pay per hour calculator",590,39,"informational",9,"https://paycal.com.au/contractor-pay-calculator/"
"paycal","pay rate per hour calculator",590,43,"informational",10,"https://paycal.com.au/contractor-pay-calculator/"
"paycal","paycheck calculator gross to net",590,15,"informational",12,"https://paycal.com.au/"
"paycal","payslip australia",590,,"informational",7,"https://paycal.com.au/payslip-generator/"
"paycal","payslip calculator",590,24,"informational",11,"https://paycal.com.au/"
"paycal","payslip nsw",590,9,"navigational",8,"https://paycal.com.au/payslip-generator/"
"paycal","per hour calculator salary",590,8,"informational",15,"https://paycal.com.au/contractor-pay-calculator/"
"paycal","per hour salary calculator",590,29,"informational",14,"https://paycal.com.au/contractor-pay-calculator/"
"paycal","rego calculator qld",590,13,"informational",14,"https://paycal.com.au/vehicle-registration-calculator/"
"paycal","repayment of help debt",590,16,"informational",15,"https://paycal.com.au/student-loan-repayment-calculator/"
"paycal","salary calculator contractor",590,,"informational",1,"https://paycal.com.au/contractor-pay-calculator/"
"paycal","salary calculator for contractors",590,,"informational",1,"https://paycal.com.au/contractor-pay-calculator/"
"paycal","salary calculator gross to net",590,,"informational",15,"https://paycal.com.au/"
"paycal","salary calculator hourly rate",590,25,"informational",11,"https://paycal.com.au/contractor-pay-calculator/"
"paycal","salary gross to net calculator",590,1,"informational",15,"https://paycal.com.au/"
"paycal","salary hourly rate calculator",590,25,"informational",13,"https://paycal.com.au/contractor-pay-calculator/"
"paycal","salary pay per hour calculator",590,27,"informational",9,"https://paycal.com.au/contractor-pay-calculator/"
"paycal","wage per hour calculator",590,42,"informational",14,"https://paycal.com.au/contractor-pay-calculator/"
"paycal","withholding tax calculator australia",590,24,"informational",14,"https://paycal.com.au/"
"paycal","australian pay slip template",480,,"transactional",3,"https://paycal.com.au/payslip-generator/"
"paycal","basic payment calculator",480,34,"informational",14,"https://paycal.com.au/"
"paycal","calculator for weekly pay",480,1,"transactional",10,"https://paycal.com.au/"
"paycal","does gross salary include super",480,,"informational",14,"https://paycal.com.au/"
"paycal","ev novated lease calculator",480,,"informational",11,"https://paycal.com.au/ev-ice-novated-lease-calculator/"
"paycal","hr to salary",480,14,"informational",8,"https://paycal.com.au/hourly-to-salary-calculator/"
"paycal","pay calculator hourly to salary",480,33,"informational",14,"https://paycal.com.au/"
"paycal","pay calculator salary to hourly",480,33,"informational",15,"https://paycal.com.au/"
"paycal","pay check",480,14,"informational",12,"https://paycal.com.au/pay-calculator-vic/"
"paycal","payg calculator 2026",480,15,"commercial",15,"https://paycal.com.au/"
"paycal","payslip template australia",480,,"informational",4,"https://paycal.com.au/payslip-generator/"
"paycal","quotation generator",480,1,"informational",12,"https://paycal.com.au/quote-generator/"
"paycal","rego price check",480,23,"informational",14,"https://paycal.com.au/vehicle-registration-calculator/"
"paycal","salary calculator salary to hourly",480,26,"informational",11,"https://paycal.com.au/hourly-to-salary-calculator/"
"paycal","salary calculator to hourly rate",480,26,"informational",11,"https://paycal.com.au/hourly-to-salary-calculator/"
"paycal","salary package calculator",480,5,"informational",14,"https://paycal.com.au/"
"paycal","service nsw vehicle registration calculator",480,17,"transactional",12,"https://paycal.com.au/vehicle-registration-calculator/"
"paycal","tax and super calculator",480,38,"informational",5,"https://paycal.com.au/"
"paycal","taxcut",480,26,"informational",11,"https://paycal.com.au/tax-cut-calculator/"
"paycal","wage calculator qld",480,7,"informational",7,"https://paycal.com.au/pay-calculator-qld/"
"paycal","wage calculator queensland",480,10,"informational",8,"https://paycal.com.au/pay-calculator-qld/"
"paycal","wages calculator qld",480,12,"informational",8,"https://paycal.com.au/pay-calculator-qld/"
"paycal","wages qld calculator",480,15,"informational",7,"https://paycal.com.au/pay-calculator-qld/"
"paycal","weekly income calculator",480,7,"informational",10,"https://paycal.com.au/"
"paycal","weekly wage calculator",480,7,"informational",10,"https://paycal.com.au/"
"paycal","yearly salary",480,12,"informational",14,"https://paycal.com.au/hourly-to-salary-calculator/"
"paycal","australia pay scale",390,30,"informational",12,"https://paycal.com.au/"
"paycal","calculate hecs debt",390,3,"transactional",13,"https://paycal.com.au/student-loan-repayment-calculator/"
"paycal","calculator hourly",390,29,"informational",13,"https://paycal.com.au/"
"paycal","fortnightly pay",390,1,"informational",15,"https://paycal.com.au/"
"paycal","gross pay to net pay calculator",390,,"informational",14,"https://paycal.com.au/"
"paycal","gross salary and net salary calculator",390,1,"informational",11,"https://paycal.com.au/"
"paycal","gross to net calculator australia",390,3,"informational",13,"https://paycal.com.au/"
"paycal","gst remover",390,,"transactional",8,"https://paycal.com.au/gst-calculator/"
"paycal","hecs debt calculator",390,,"informational",6,"https://paycal.com.au/student-loan-repayment-calculator/"
"paycal","hecs tax calculator",390,13,"informational",14,"https://paycal.com.au/student-loan-repayment-calculator/"
"paycal","help repayment calculator",390,1,"informational",10,"https://paycal.com.au/student-loan-repayment-calculator/"
"paycal","hourly pay calculator",390,43,"informational",11,"https://paycal.com.au/contractor-pay-calculator/"
"paycal","how to calculate annual salary",390,30,"informational",14,"https://paycal.com.au/"
"paycal","how to calculate yearly salary",390,29,"informational",11,"https://paycal.com.au/"
"paycal","how to compute annual salary",390,24,"informational",13,"https://paycal.com.au/"
"paycal","hr wage calculator",390,46,"informational",13,"https://paycal.com.au/hourly-to-salary-calculator/"
"paycal","indeed hourly to salary calculator",390,3,"commercial",15,"https://paycal.com.au/hourly-to-salary-calculator/"
"paycal","invoice australia",390,9,"informational",8,"https://paycal.com.au/invoice-generator/"
"paycal","invoice generator australia",390,,"commercial",12,"https://paycal.com.au/invoice-generator/"
"paycal","net and gross income calculator",390,,"informational",13,"https://paycal.com.au/"
"paycal","pay salary calculator australia",390,10,"informational",10,"https://paycal.com.au/"
"paycal","registration calculator nsw",390,,"informational",5,"https://paycal.com.au/vehicle-registration-calculator/"
"paycal","registration transfer fee nsw",390,13,"transactional",15,"https://paycal.com.au/vehicle-registration-calculator/"
"paycal","salary estimator",390,29,"informational",13,"https://paycal.com.au/"
"paycal","service nsw registration calculator",390,13,"transactional",13,"https://paycal.com.au/vehicle-registration-calculator/"
"paycal","take home calculator",390,5,"informational",13,"https://paycal.com.au/"
"paycal","tax and hecs calculator",390,25,"informational",15,"https://paycal.com.au/"
"paycal","weekly pay calculator australia",390,15,"informational",10,"https://paycal.com.au/"
"paycal","annual pay calculator",320,11,"informational",14,"https://paycal.com.au/contractor-pay-calculator/"
"paycal","annualized pay calculator",320,24,"informational",13,"https://paycal.com.au/"
"paycal","australia monthly salary calculator",320,9,"informational",10,"https://paycal.com.au/"
"paycal","gross income calculator australia",320,6,"informational",13,"https://paycal.com.au/"
"paycal","gross pay estimator australia",320,12,"informational",13,"https://paycal.com.au/"
"paycal","gross salary calculator australia",320,8,"informational",15,"https://paycal.com.au/"
"paycal","help debt repayment calculator",320,2,"informational",6,"https://paycal.com.au/student-loan-repayment-calculator/"
"paycal","help repayments",320,13,"informational",11,"https://paycal.com.au/student-loan-repayment-calculator/"
"paycal","monthly pay calculator australia",320,7,"informational",10,"https://paycal.com.au/"
"paycal","monthly salary calculator australia",320,7,"informational",11,"https://paycal.com.au/"
"paycal","motorbike rego nsw",320,16,"navigational",9,"https://paycal.com.au/vehicle-registration-calculator/"
"paycal","my salary calculator",320,16,"informational",15,"https://paycal.com.au/take-home-pay-calculator/"
"paycal","pay calculator 2026",320,18,"transactional",9,"https://paycal.com.au/"
"paycal","pay calculator sa",320,20,"informational",13,"https://paycal.com.au/"
"paycal","pay scale calculator",320,38,"informational",10,"https://paycal.com.au/contractor-pay-calculator/"
"paycal","pay slip template",320,,"informational",7,"https://paycal.com.au/payslip-generator/"
"paycal","payg calculator 2025",320,38,"informational",15,"https://paycal.com.au/"
"paycal","rego cost calculator",320,23,"informational",12,"https://paycal.com.au/vehicle-registration-calculator/"
"paycal","rta transfer fee calculator nsw",320,9,"informational",5,"https://paycal.com.au/vehicle-registration-calculator/"
"paycal","salary inclusive of super calculator",320,6,"informational",4,"https://paycal.com.au/"
"paycal","salary inclusive of superannuation calculator",320,3,"informational",4,"https://paycal.com.au/"
"paycal","salary to weekly pay calculator",320,7,"informational",10,"https://paycal.com.au/"
"paycal","simple pay calculator",320,9,"informational",11,"https://paycal.com.au/"
"paycal","student loan repayment",320,15,"informational",10,"https://paycal.com.au/student-loan-repayment-calculator/"
"paycal","student loans repayment",320,19,"informational",15,"https://paycal.com.au/student-loan-repayment-calculator/"
"paycal","study loan repayment",320,12,"informational",10,"https://paycal.com.au/student-loan-repayment-calculator/"
"paycal","take home pay australia",320,,"informational",14,"https://paycal.com.au/"
"paycal","wage calculator sa",320,17,"informational",14,"https://paycal.com.au/contractor-pay-calculator/"
"paycal","weekly salary calculator",320,7,"informational",9,"https://paycal.com.au/"
"paycal","45 per hour annual salary",260,,"informational",13,"https://paycal.com.au/hourly-to-salary-calculator/"
"paycal","85k after tax australia",260,2,"informational",14,"https://paycal.com.au/"
"paycal","90k after tax australia weekly salary",260,4,"informational",9,"https://paycal.com.au/"
"paycal","ato gst calculator",260,6,"informational",15,"https://paycal.com.au/gst-calculator/"
"paycal","bonus payment calculator",260,12,"informational",15,"https://paycal.com.au/"
"paycal","calculate hours salary",260,42,"transactional",9,"https://paycal.com.au/contractor-pay-calculator/"
"paycal","fortnightly salary calculator",260,7,"informational",10,"https://paycal.com.au/"
"paycal","hourly wage calculator from salary",260,33,"informational",13,"https://paycal.com.au/"
"paycal","hourly wage salary calculator",260,29,"informational",9,"https://paycal.com.au/contractor-pay-calculator/"
"paycal","how much is 6 months rego nsw",260,1,"informational",15,"https://paycal.com.au/vehicle-registration-calculator/"
"paycal","how much to transfer rego nsw",260,19,"informational",14,"https://paycal.com.au/vehicle-registration-calculator/"
"paycal","how to work out net income",260,8,"informational",14,"https://paycal.com.au/"
"paycal","hr salary to annual",260,25,"informational",6,"https://paycal.com.au/hourly-to-salary-calculator/"
"paycal","in hand salary calculator",260,3,"informational",13,"https://paycal.com.au/"
"paycal","income calculator hourly",260,33,"informational",7,"https://paycal.com.au/contractor-pay-calculator/"
"paycal","income hourly calculator",260,43,"informational",9,"https://paycal.com.au/contractor-pay-calculator/"
"paycal","net calculator",260,14,"informational",13,"https://paycal.com.au/"
"paycal","pay calculator per hour",260,7,"informational",7,"https://paycal.com.au/contractor-pay-calculator/"
"paycal","paycheck calculator wa",260,2,"navigational",11,"https://paycal.com.au/"
"paycal","payrise calculator",260,11,"informational",9,"https://paycal.com.au/"
"paycal","payroll calculator wa",260,20,"informational",12,"https://paycal.com.au/"
"paycal","payslip generator free",260,,"informational",2,"https://paycal.com.au/payslip-generator/"
"paycal","registration calculator",260,23,"informational",15,"https://paycal.com.au/vehicle-registration-calculator/"
"paycal","salary and bonus calculator",260,33,"informational",11,"https://paycal.com.au/"
"paycal","salary ca",260,34,"informational",13,"https://paycal.com.au/"
"paycal","salary cal",260,11,"informational",11,"https://paycal.com.au/contractor-pay-calculator/"
"paycal","salary calculator by hourly rate",260,29,"informational",9,"https://paycal.com.au/contractor-pay-calculator/"
"paycal","salary calculator from hourly",260,33,"informational",12,"https://paycal.com.au/"
"paycal","salary calculator hourly pay",260,43,"informational",9,"https://paycal.com.au/contractor-pay-calculator/"
"paycal","salary calculator vic",260,34,"informational",12,"https://paycal.com.au/"
"paycal","salary converter",260,54,"informational",12,"https://paycal.com.au/contractor-pay-calculator/"
"paycal","seek wage calculator",260,4,"informational",10,"https://paycal.com.au/"
"paycal","wa salary calculator",260,9,"informational",10,"https://paycal.com.au/"
"paycal","wage calculator wa",260,34,"informational",12,"https://paycal.com.au/"
"paycal","wage hourly rate calculator",260,25,"informational",8,"https://paycal.com.au/contractor-pay-calculator/"
"paycal","what my pay",260,16,"informational",11,"https://paycal.com.au/"
"paycal","80k after tax",210,9,"informational",15,"https://paycal.com.au/"
"paycal","annual salary calculator australia",210,13,"informational",12,"https://paycal.com.au/"
"paycal","annual salary calculator hourly rate",210,29,"informational",15,"https://paycal.com.au/"
"paycal","au calculator",210,37,"informational",11,"https://paycal.com.au/"
"paycal","calculate paye tax",210,10,"informational",15,"https://paycal.com.au/"
"paycal","calculating student loan repayments",210,24,"informational",12,"https://paycal.com.au/student-loan-repayment-calculator/"
"paycal","convert gst",210,6,"informational",10,"https://paycal.com.au/gst-calculator/"
"paycal","create a payslip",210,7,"transactional",2,"https://paycal.com.au/payslip-generator/"
"paycal","education loan repayment calculator",210,11,"informational",15,"https://paycal.com.au/student-loan-repayment-calculator/"
"paycal","free payslip template",210,6,"informational",5,"https://paycal.com.au/payslip-generator/"
"paycal","free quote generator",210,1,"informational",3,"https://paycal.com.au/quote-generator/"
"paycal","hecs calculator 2026",210,,"informational",4,"https://paycal.com.au/student-loan-repayment-calculator/"
"paycal","help debt calculator",210,,"informational",3,"https://paycal.com.au/student-loan-repayment-calculator/"
"paycal","help loan repayment",210,9,"informational",11,"https://paycal.com.au/student-loan-repayment-calculator/"
"paycal","help loans repayment",210,27,"informational",12,"https://paycal.com.au/student-loan-repayment-calculator/"
"paycal","hour rate calculator",210,2,"informational",14,"https://paycal.com.au/"
"paycal","hour rate to annual salary",210,25,"informational",14,"https://paycal.com.au/hourly-to-salary-calculator/"
"paycal","hourly rate of pay calculator",210,11,"informational",7,"https://paycal.com.au/contractor-pay-calculator/"
"paycal","how much pay should i get",210,22,"informational",11,"https://paycal.com.au/"
"paycal","how much should i be getting paid",210,23,"informational",13,"https://paycal.com.au/"
"paycal","how much should i get paid",210,54,"informational",12,"https://paycal.com.au/"
"paycal","income calculator melbourne",210,11,"informational",10,"https://paycal.com.au/"
"paycal","loan repayment calculator student",210,20,"informational",12,"https://paycal.com.au/student-loan-repayment-calculator/"
"paycal","melbourne salary calculator",210,16,"informational",8,"https://paycal.com.au/"
"paycal","netpay",210,,"navigational",15,"https://paycal.com.au/"
"paycal","online calculator salary",210,39,"informational",12,"https://paycal.com.au/"
"paycal","online paycheck calculator",210,38,"informational",11,"https://paycal.com.au/"
"paycal","pay calculator melbourne",210,9,"informational",10,"https://paycal.com.au/"
"paycal","pay calculator online",210,22,"informational",11,"https://paycal.com.au/"
"paycal","pay calculator seek",210,8,"informational",9,"https://paycal.com.au/"
"paycal","pay slip template free",210,,"informational",7,"https://paycal.com.au/payslip-generator/"
"paycal","pay student loan calculator",210,32,"informational",14,"https://paycal.com.au/student-loan-repayment-calculator/"
"paycal","paycheck calculator salary",210,10,"informational",11,"https://paycal.com.au/"
"paycal","paycheck salary calculator",210,9,"informational",13,"https://paycal.com.au/"
"paycal","paye calculator tax",210,10,"informational",14,"https://paycal.com.au/"
"paycal","payment calculator student loan",210,26,"informational",15,"https://paycal.com.au/student-loan-repayment-calculator/"
"paycal","payroll calculator salary",210,34,"informational",12,"https://paycal.com.au/"
"paycal","payslip template free",210,,"informational",3,"https://paycal.com.au/payslip-generator/"
"paycal","quotation generator free",210,,"informational",6,"https://paycal.com.au/quote-generator/"
"paycal","quote maker free",210,12,"informational",8,"https://paycal.com.au/quote-generator/"
"paycal","repay student loan calculator",210,23,"informational",12,"https://paycal.com.au/student-loan-repayment-calculator/"
"paycal","repaye student loan calculator",210,43,"informational",11,"https://paycal.com.au/student-loan-repayment-calculator/"
"paycal","repayment calculator for student loans",210,43,"informational",13,"https://paycal.com.au/student-loan-repayment-calculator/"
"paycal","repayment calculator student loan",210,20,"informational",6,"https://paycal.com.au/student-loan-repayment-calculator/"
"paycal","repayment calculator student loans",210,22,"informational",9,"https://paycal.com.au/student-loan-repayment-calculator/"
"paycal","repayment of student loans calculator",210,13,"informational",9,"https://paycal.com.au/student-loan-repayment-calculator/"
"paycal","repayment student loan calculator",210,23,"informational",14,"https://paycal.com.au/student-loan-repayment-calculator/"
"paycal","repayment student loans calculator",210,55,"informational",15,"https://paycal.com.au/student-loan-repayment-calculator/"
"paycal","salary calculator melbourne",210,13,"informational",10,"https://paycal.com.au/"
"paycal","salary calculator online",210,39,"informational",10,"https://paycal.com.au/"
