kw,vol,kd,intent
"deft payment",27100,,"commercial"
"average salary australia",27100,11,"informational"
"access pay",18100,8,"informational"
"jobseeker payment",14800,,"informational"
"pay toll",14800,5,"informational"
"before pay",12100,20,"informational"
"pay rego vic",12100,3,"navigational"
"payday super",9900,19,"informational"
"pay fine",9900,21,"transactional"
"teachers pay victoria",9900,2,"informational"
"pay later travel",9900,1,"informational"
"vet pay",9900,1,"informational"
"salary median australia",8100,13,"informational"
"pay advance",8100,,"informational"
"highest paying jobs in australia",8100,,"informational"
"parenting payment single",8100,,"navigational"
"vicroads pay rego",8100,,"navigational"
"redundancy payment",8100,1,"informational"
"advance pay",6600,4,"informational"
"qld rego pay",6600,25,"navigational"
"pay qld registration",6600,24,"transactional"
"registration payment qld",6600,26,"navigational"
"carers payment",6600,2,"informational"
"carer payment centrelink",6600,10,"navigational"
"pay rego qld",6600,29,"navigational"
"parenting payment",6600,3,"informational"
"qld rego payment",6600,23,"transactional"
"secure pay",6600,8,"commercial"
"osko payment",5400,,"navigational"
"centrelink advance payment",5400,1,"navigational"
"vicroads rego pay",5400,1,"navigational"
"centrelink crisis payment",5400,2,"informational"
"salary sacrifice super",5400,,"informational"
"ato australia highest paying jobs",5400,1,"commercial"
"ato payment plan",5400,,"commercial"
"domestic violence payment",5400,12,"informational"
"parenting payment centrelink",4400,3,"navigational"
"unclaimed money nsw",4400,18,"informational"
"agl pay bill",4400,,"navigational"
"nsw teacher salary",4400,,"informational"
"pay toll notice",4400,,"transactional"
"nurse salary",3600,,"informational"
"vps salary rates",3600,,"informational"
"synergy pay bill",3600,,"navigational"
"basic rate interface",3600,,"informational"
"vps pay rates",3600,,"informational"
"sonographer pay",3600,,"informational"
"nsw fine payment",3600,18,"informational"
"schads award pay rates",3600,,"informational"
"vps pay grades",3600,,"informational"
"nurse salary qld",2900,,"informational"
"nurse pay rates qld",2900,,"informational"
"redundancy payment nsw",2900,1,"informational"
"energy australia pay bill",2900,,"informational"
"nursing salary qld",2900,,"informational"
"nurses salary qld",2900,,"informational"
"coles pay",2900,,"commercial"
"commbank advance pay",2900,5,"navigational"
"queensland nursing wages",2900,,"informational"
"pay after tax",2900,6,"informational"
"teacher pay rates qld",2900,,"informational"
"teacher pay teachers",2900,14,"informational"
"pay rates",2900,21,"informational"
"teacher salary qld",2900,,"informational"
"nurse wages qld",2900,,"informational"
"nursing wage rates qld",2900,,"informational"
"nurse wage qld",2900,,"informational"
"average salary in sydney australia",2400,28,"commercial"
"registered nurse salary",2400,,"informational"
"australia air force ranks",2400,,"informational"
"unclaimed money victoria",2400,3,"informational"
"queensland tolls payment",2400,6,"informational"
"military super",2400,,"navigational"
"centrelink single mother payment",2400,,"navigational"
"parenting payment partnered",2400,,"navigational"
"escaping violence payment",2400,13,"informational"
"postbillpay pay a bill",2400,2,"transactional"
"watercorp pay bill",2400,,"navigational"
"coles woolworths mcdonald's pay ruling",2400,,"commercial"
"auspost bill pay",2400,5,"navigational"
"dsp payment",2400,1,"commercial"
"vet nurse salary",2400,,"informational"
"bcc council rates",2400,,"commercial"
"award wages",1900,19,"informational"
"tertiary access payment",1900,,"informational"
"centrelink suspended payment",1900,,"informational"
"aps 6 pay rate",1900,,"informational"
"australia prime minister salary",1900,2,"informational"
"engineer pay",1900,,"informational"
"payment in lieu of notice",1900,,"informational"
"ex-gratia payment",1900,,"informational"
"navy australia ranks",1900,,"informational"
"rate notices",1900,8,"informational"
"salary of prime minister of australia",1900,7,"informational"
"minimum wage victoria",1900,30,"informational"
"rates notice",1900,11,"informational"
"pay in 4",1900,22,"informational"
"rates notices",1900,14,"informational"
"extra gratia payment",1900,,"informational"
"unclaimed money qld",1900,4,"informational"
"nurse pay nsw",1900,,"informational"
"centrelink bereavement payment",1900,,"informational"
"spouse super contribution",1900,,"informational"
"minimum wage australia yearly",1900,30,"informational"
"prime minister of australia salary",1900,5,"informational"
"ex gratia payment",1900,,"informational"
"teacher pay scale victoria",1900,,"informational"
"rn wages nsw",1900,,"informational"
"centrelink payment suspensions",1900,,"informational"
"long service levy",1900,,"informational"
"centrelink payment dates for pensioners",1900,1,"informational"
"nurse practitioner salary",1900,,"informational"
"rate notice",1900,7,"informational"
"gratia payment",1900,,"informational"
"fair work ombudsman pay calculator",1900,24,"informational"
"salary of prime minister australia",1900,2,"informational"
"pay origin bill",1900,,"transactional"
"prime minister salary australia",1900,3,"informational"
"suspended centrelink payment",1900,,"informational"
"evp payment",1600,12,"informational"
"dv payment",1600,9,"transactional"
"red energy pay bill",1600,,"informational"
"nurse pay",1600,,"informational"
"vic teachers pay rise",1600,,"informational"
"public holiday rates",1600,,"informational"
"woolworths pay rates",1600,,"informational"
"centrelink payment suspensions analysis",1600,,"commercial"
"youth allowance rate",1600,,"informational"
"centrelink payment summary",1600,,"navigational"
"cpp payment",1600,,"informational"
"youth allowance rates",1600,8,"informational"
"enrolled nurse salary",1600,,"informational"
"apprentice support payment",1600,,"transactional"
"wages nurses",1600,2,"informational"
"severance pay",1600,11,"informational"
"gp salary australia",1600,,"informational"
"pay registration",1600,24,"transactional"
"pay cpp",1600,,"informational"
"centrelink advance payment $1 000",1600,,"transactional"
"long expiry prepaid",1600,5,"informational"
"australian apprentice training support payment",1600,6,"informational"
"deeming rates centrelink",1600,9,"informational"
"judo term deposit rates",1600,4,"informational"
"sper payment",1300,6,"informational"
"sonographer salary australia",1300,,"informational"
"fast food award rate",1300,,"informational"
"pay now",1300,28,"informational"
"pharmacy assistant pay",1300,,"informational"
"centrelink maternity pay",1300,16,"navigational"
"parking tickets payment",1300,25,"informational"
"payment parking ticket",1300,23,"informational"
"toll rebate nsw",1300,9,"commercial"
"qbe pay green slip",1300,10,"informational"
"penalty rates",1300,,"informational"
"carer payment amount",1300,,"informational"
"bonus pay",1300,,"informational"
"dsp rates",1300,,"informational"
"my payment",1300,16,"informational"
"nsw nurse pay rise",1300,,"informational"
"centrelink payment increase couples",1300,6,"transactional"
"define payment",1300,29,"informational"
"bonus payment",1300,1,"informational"
"rest super fund",1300,4,"informational"
"parking ticket pay",1300,29,"informational"
"single pension rate",1300,10,"informational"
"linkt toll payment",1300,12,"navigational"
"qld teacher pay scale",1300,,"informational"
"security of payment act",1300,17,"informational"
"army ranks australia",1300,,"informational"
"qld teachers pay scale",1300,,"informational"
"pay slip",1300,,"informational"
"fines and payment unit",1300,21,"navigational"
"adf pay rates",1300,,"informational"
"payday super legislation",1300,21,"informational"
"what is the highest paying job in australia",1300,,"informational"
"payment plan for fines",1300,4,"transactional"
"teachers pay",1300,8,"informational"
"parking ticket payment",1300,29,"informational"
"jury duty payment",1300,,"informational"
"redundancy payment qld",1300,,"informational"
"salary of sonographer in australia",1300,,"informational"
"fines payment unit",1300,13,"informational"
"pay for parking ticket",1300,29,"transactional"
"nsw nurses pay rise",1300,,"informational"
"qld health nurse wages",1300,,"informational"
"tax on redundancy payments",1300,,"informational"
"pay rise",1300,8,"informational"
"firefighter salary nsw",1000,9,"informational"
"revenue nsw pay",1000,25,"informational"
"nrma green slip payment",1000,,"informational"
"working from home rates",1000,,"commercial"
"disaster recovery payment",1000,16,"informational"
"weigh n pay",1000,,"informational"
"b pay",1000,19,"informational"
"naval ranks australia",1000,,"informational"
"super payment dates",1000,,"informational"
"eft payment",1000,,"informational"
"salary nsw police",1000,,"informational"
"teachers pay scale nsw",1000,,"informational"
"coles pay rates",1000,,"informational"
"nsw teacher pay scale",1000,,"informational"
"electrician daily rate",1000,,"informational"
"teacher pay scale nsw",1000,,"informational"
"centrelink payment eligibility",1000,27,"transactional"
"bond refund qld",1000,12,"informational"
"nsw teaching pay scale",1000,,"informational"
"work from home rate",1000,,"informational"
"teaching pay scale nsw",1000,,"informational"
"centrelink $4100 payment",1000,11,"transactional"
"nsw nurse pay",1000,,"informational"
"annual leave cash out",1000,,"informational"
"nsw teachers pay scale",1000,,"informational"
"working from home rate",1000,,"informational"
"australia military ranking",1000,3,"informational"
"air traffic controller salary australia",1000,,"informational"
"super claim",1000,10,"informational"
"redundancy payment victoria",1000,16,"informational"
"super payment due dates",1000,,"informational"
"chemical engineer pay",1000,,"informational"
"balloon payment",1000,,"commercial"
"teacher pay teacher",1000,15,"informational"
"infringement pay",1000,10,"transactional"
"pay a prisoner",1000,2,"informational"
"radiographer salary australia",1000,,"informational"
"podiatrist pay rate",1000,,"commercial"
"engie pay bill",880,,"informational"
"pay council rates",880,,"transactional"
"average teacher salary australia",880,8,"informational"
"military spending australia",880,9,"commercial"
"split system rebate victoria",880,1,"informational"
"radiologist salary australia",880,,"informational"
"parental leave pay amount",880,8,"informational"
"medical receptionist pay rate",880,,"informational"
"nurse pay victoria",880,,"informational"
"schads award rate",880,,"informational"
"audiologist pay rate",880,,"informational"
"asic payment",880,7,"commercial"
"victorian nurses pay rates",880,,"informational"
"council rates pay",880,4,"informational"
"award wages nsw",880,17,"informational"
"col crawford service",880,,"navigational"
"pigovian tax",880,11,"informational"
"nursing pay rates victoria",880,,"informational"
"car rego payment",880,21,"transactional"
"psychologist salary australia",880,,"informational"
"victoria nursing pay rates",880,,"informational"
"nurse anesthetist salary",880,,"informational"
"military super login",880,4,"navigational"
"centrelink family payment",880,17,"navigational"
"teacher aide salary qld",880,,"informational"
"average hourly wage australia",880,23,"informational"
"gio payment",880,,"transactional"
"victoria nurse salary",880,,"informational"
"public holidays surcharge",880,,"informational"
"clerks award pay guide",880,,"informational"
"gross payment meaning",880,,"informational"
"payment plan",880,13,"commercial"
"average salary for a teacher in australia",880,15,"informational"
"highest paying job in australia",880,,"informational"
"bbsw rate",880,,"informational"
"paying council rates",880,4,"informational"
"average salary for teachers in australia",880,8,"commercial"
"salary of pharmacists in australia",880,,"commercial"
"award wages qld",880,15,"informational"
"ndis support worker rates",880,8,"informational"
"apprenticeship wages",880,,"informational"
"aic payment",880,,"informational"
"boilermaker pay",880,,"informational"
"net pay",880,4,"informational"
"paycheckcity calculator salary",880,10,"informational"
"worker retention payment",880,,"informational"
"council rate payment",880,,"informational"
"pharmacist salary australia",880,,"informational"
"carpentry apprenticeship wages",880,,"informational"
"saturation diving pay",880,,"informational"
"pigouvian tax",880,14,"informational"
"head of army australia",880,6,"informational"
"teacher salary south australia",880,,"informational"
"what are the highest paying jobs in australia",880,,"informational"
"aic pay",880,1,"informational"
"pay as you go",880,21,"informational"
"centrelink families payment",880,24,"commercial"
"jury duty payment nsw",880,,"informational"
"teachers pay scale",880,5,"informational"
"carer payment 25 hour rule",880,,"informational"
"cdf payment",880,,"informational"
"rent pay",880,9,"informational"
"paramedic salary qld",880,,"informational"
"income protection australian super",880,,"informational"
"average wage australia per hour",880,23,"informational"
"teachers pay scales",880,10,"informational"
"car rego payment wa",880,,"transactional"
"australia military budget",880,12,"informational"
"council rates payment",880,,"informational"
"pediatric nurse salary",880,,"informational"
"overtime rates",880,,"informational"
"bbsw rates",880,,"informational"
"early pay",880,15,"informational"
"pay council rate",880,10,"informational"
"council rates / pay",880,4,"commercial"
"parental payment centrelink",880,18,"navigational"
"pay rates nurses victoria",880,,"informational"
"b2b pay",880,,"commercial"
"jobseeker weekly payment proposal",880,,"commercial"
"clearance rates",880,27,"informational"
"placement payment",880,,"commercial"
"apprentice carpenter wages",880,,"informational"
"pay scale teachers",880,4,"informational"
"chief of the army australia",880,3,"informational"
"electrician salary australia",880,,"informational"
"teacher pay scale",880,10,"informational"
"public holiday surcharge",880,,"informational"
"bunnings pay rate",880,,"informational"
"hireup pay rates",880,,"informational"
"council rate notice",720,8,"informational"
"nsw health salary",720,6,"informational"
"average weekly wage in australia",720,9,"informational"
"principal pay rate",720,4,"informational"
"lic policy payment",720,18,"informational"
"youth allowance payment",720,3,"informational"
"icc parking rates",720,,"informational"
"wages mcdonalds",720,10,"informational"
"council rates notice",720,8,"informational"
"centrelink one-off payment 2026",720,4,"transactional"
"super guarantee charge statement",720,,"informational"
"ad valorem tax",720,,"informational"
"hr salary calculator",720,6,"informational"
"ev tax",720,13,"informational"
"carer payment and carer allowance",720,2,"informational"
"salary calculator victoria",720,12,"informational"
"woolworths pay",720,,"informational"
"security of payment act nsw",720,,"informational"
"rego pay vic",720,,"commercial"
"unpaid super",720,1,"informational"
"average weekly wage australia",720,9,"informational"
"anaesthetist salary australia",720,,"informational"
"median full time salary australia",720,10,"informational"
"one off emergency payment",720,4,"informational"
"pay green slip",720,8,"transactional"
"reward pay",720,7,"informational"
"rego payment wa",720,1,"navigational"
"payment express",720,7,"commercial"
"pay to",720,1,"informational"
"vet payment plan",720,,"informational"
"salary veterinarian australia",720,,"informational"
"victims services recognition payment",720,4,"informational"
"bereavement payment",720,,"informational"
"cost of living payment",720,,"informational"
"plumbing apprentice wages",720,,"informational"
"fair work redundancy pay",720,13,"informational"
"paying fines victoria",720,11,"informational"
"vet australia salary",720,,"informational"
"victim services recognition payment",720,11,"informational"
"vet salaries australia",720,,"informational"
"bunnings pay",720,,"informational"
"cosmetic nurse salary",720,,"informational"
"veterinarian salary australia",720,,"informational"
"m7 toll payment",720,,"navigational"
"pay fines vic",720,12,"informational"
"nsw health salaries",720,1,"informational"
"vet salary australia",720,,"informational"
"casey rates",720,,"informational"
"one-off emergency payment",720,4,"informational"
"disability payment",720,7,"informational"
"lic premium payment",720,15,"informational"
"etoll pay toll",720,11,"informational"
"firefighter salary qld",720,,"informational"
"vets salary australia",720,,"informational"
"apprentice plumber wages",720,,"informational"
"1st year apprentice wage",720,,"informational"
"primary teaching salary nsw",720,,"informational"
"mcdonald's pay rates",720,,"informational"
"annual leave calculator 38-hour week",720,,"navigational"
"salary nsw health",720,9,"informational"
"nurse average salary australia",720,,"informational"
"salary of veterinarian in australia",720,,"informational"
"physiotherapist salary australia",720,,"informational"
"average pay for nurses in australia",720,3,"informational"
"mcdonalds pay rate",720,,"informational"
"neuropsychology pay",720,,"informational"
"salary calculator sydney",720,15,"informational"
"victoria police salary",720,15,"informational"
"average salary in perth western australia",720,5,"informational"
"nsw health rates of pay",720,,"informational"
"penalty rates on public holidays",720,,"commercial"
"payment receipt",720,1,"informational"
"osr payment",720,14,"informational"
"miscellaneous award pay guide",720,,"informational"
"average nurse salary in australia",720,,"informational"
"mcdonald's pay",720,10,"informational"
"jobs that pay well without a degree",720,1,"informational"
"highest paying jobs in australia without a degree",720,,"commercial"
"australia average weekly wage",720,12,"informational"
"asic annual review fee",720,11,"commercial"
"pay fines victoria",720,12,"informational"
"australian army pay rates",590,,"informational"
"wfh rate",590,,"informational"
"brisbane city council rates payment",590,,"informational"
"in arrears payment",590,,"informational"
"pay for public holidays",590,6,"informational"
"cardiac sonographer pay",590,,"informational"
"payment plan for fines nsw",590,,"transactional"
"lump sum payment",590,,"informational"
"parental payment",590,13,"informational"
"wfh rates",590,,"informational"
"occupational therapist salary australia",590,,"commercial"
"wage advance apps australia",590,3,"informational"
"sick leave calculator 38-hour week",590,,"navigational"
"paramedics salary nsw",590,,"informational"
"sawater pay now",590,,"informational"
"zayzoon wages on demand",590,,"commercial"
"flight attendant salary australia",590,,"informational"
"maccas pay",590,1,"commercial"
"nsw fine payment plan",590,,"commercial"
"saturday pay rates",590,,"informational"
"adult apprenticeship wages",590,,"informational"
"pay com au fees",590,,"informational"
"neurologist pay",590,,"informational"
"aged care pay",590,,"informational"
"pay brisbane city council rates",590,,"transactional"
"casual pay rates",590,29,"informational"
"report unpaid super",590,3,"informational"
"1st year electrical apprenticeship wage",590,,"informational"
"payment in arrears",590,,"informational"
"arrears of payment",590,11,"informational"
"brisbane city council pay rates",590,,"informational"
"aged care pay rate",590,,"informational"
"deeming rates for pensioners",590,5,"informational"
"nurse salary melbourne",590,,"informational"
"is super paid on overtime",590,,"informational"
"saturday penalty rates",590,,"informational"
"heavy diesel mechanic pay",590,,"informational"
"pay rates brisbane city council",590,,"informational"
"service nsw pay fines",590,30,"transactional"
"brisbane city rates payment",590,,"commercial"
"arrears payment",590,5,"informational"
"aged care pay rates",590,,"informational"
"pay my rate",590,,"informational"
"arrear payment",590,4,"informational"
"pay ergon bill",590,,"transactional"
"payment summary",590,,"informational"
"qantas points plus pay",590,,"informational"
"unpaid super ato",590,8,"informational"
"accountant salary australia",590,2,"informational"
"services nsw pay rego",590,25,"navigational"
"bcc pay rates",590,,"informational"
"paramedic salary nsw",590,,"informational"
"pay in arrears",590,3,"informational"
"emirates flight attendant pay",590,8,"informational"
"annual prepaid plans",590,9,"commercial"
"first year apprentice wage",590,,"informational"
"wages def",590,,"informational"
"interior painter rates",590,,"commercial"
"underwater welder pay",590,,"informational"
"urban utilities pay bill",590,,"navigational"
"how to pay toll",590,1,"informational"
"compare super fees",590,26,"commercial"
"retail pay rates",590,6,"informational"
"urban utilities pay a bill",590,,"informational"
"payslip nsw",590,9,"navigational"
"service nsw pay fine",590,30,"informational"
"paramedic salary australia",590,,"informational"
"engineer salary australia",590,,"informational"
"medicare levy rate",590,19,"informational"
"pay infringement",590,12,"informational"
"minimum wage australia per hour",590,23,"informational"
"qld police salary",590,,"informational"
"qld urban utilities pay bill",590,,"navigational"
"cardiac sonographer pay rates",590,,"informational"
"cap rate",590,12,"informational"
"pay arrear",590,11,"informational"
"urban utilities bill payment",590,,"informational"
"arrearage payment",590,,"informational"
"maccas pay rates",590,12,"informational"
"nurse practitioner salary australia",590,,"informational"
"army reserve pay",590,,"informational"
"centrelink jobseeker payment",590,19,"navigational"
"brisbane council rates payment",590,,"commercial"
"termination payment",480,2,"informational"
"long service levy payment",480,1,"informational"
"ndis support worker pay rates",480,,"informational"
"payment synonyms",480,,"informational"
"compulsory superannuation rate",480,8,"informational"
"commercial pilot wages",480,,"informational"
"neurosurgeon salary in australia",480,,"informational"
"korea military service",480,6,"informational"
"aps pay scales",480,,"informational"
"bill pay",480,10,"informational"
"korean military service",480,12,"informational"
"nsw teachers pay",480,,"informational"
"sso pay rates",480,,"informational"
"synonyms of pay",480,1,"informational"
"public holiday pay rates qld",480,,"informational"
"novated lease balloon payment",480,,"transactional"
"service records ww2",480,23,"informational"
"salary calculator nz",480,27,"informational"
"conveyancing fees nsw",480,,"commercial"
"instant pay advance",480,4,"transactional"
"cba submission australia cash mandate",480,,"transactional"
"carers payment eligibility",480,,"informational"
"icare payment",480,2,"informational"
"yvw pay bill",480,,"navigational"
"gov easy pay",480,1,"navigational"
"next payment atm",480,1,"informational"
"electrician pay",480,,"informational"
"vic police pay",480,1,"informational"
"net payment meaning",480,2,"informational"
"redundancy payment wa",480,,"informational"
"average salary nsw",480,13,"informational"
"pay check",480,14,"informational"
"service body",480,,"navigational"
"discount rate",480,19,"commercial"
"do casual employees get super",480,1,"informational"
"discounting rate",480,19,"commercial"
"long service leave payout nsw",480,3,"informational"
"net pay def",480,,"informational"
"annual leave payout",480,,"informational"
"pay fine wa",480,10,"informational"
"pay long service levy",480,1,"transactional"
"nt government pay scales",480,,"informational"
"jobs that pay well in australia",480,,"informational"
"payment plan flights",480,,"commercial"
"synonyms for payment",480,2,"informational"
"average electrician salary in australia",480,,"informational"
"do casual workers get super",480,,"informational"
"handy pay",480,,"navigational"
"long service levy nsw payment",480,,"informational"
"rest super fees",480,,"informational"
"plumber salary australia",480,,"informational"
"surgeon salary australia",480,,"informational"
"apprentice mechanic wages",480,,"informational"
"synonyms of payment",480,,"informational"
"hp pay scale",480,,"informational"
"pay fines wa",480,3,"informational"
"how much redundancy pay",480,16,"informational"
"pay infringement notice",480,25,"informational"
"average nurse salary",480,,"informational"
"vectea pay rates",480,,"informational"
"income support payment",480,5,"informational"
"security guard pay rate",480,,"informational"
"electrician hourly rate",480,,"informational"
"sso pay rate",480,,"informational"
"surgeon australia salary",480,,"informational"
"average salary for electrician in australia",480,,"commercial"
"sso rates of pay",480,,"informational"
"slso salary nsw",480,,"informational"
"south korea military service",480,4,"informational"
"average electrician salary australia",480,,"informational"
"finclear service",480,,"navigational"
"truck driving salary in australia",480,,"informational"
"truck driver salary australia",480,,"informational"
"synonym for payment",480,,"informational"
"psychiatrist salary australia",480,,"informational"
"payment synonym",480,,"informational"
"chemist warehouse pay",480,,"informational"
"average wage for an electrician in australia",480,,"commercial"
"pay days",480,,"informational"
"aps pay scale",480,,"commercial"
"ambulance fee nsw",480,3,"informational"
"slso pay rate nsw",480,,"informational"
"civil engineer salary australia",480,,"informational"
"vps wage rates",480,,"informational"
"detective pay rate",480,6,"informational"
"military service in korea",480,3,"informational"
"nurses award pay guide",480,,"informational"
"clinical nurse specialist salary",480,,"commercial"
"chartered accountants pay",480,,"informational"
"origin pay",480,,"navigational"
"average lawyer salary australia",480,,"informational"
"lvp payment",480,14,"informational"
"pay agl bill",480,,"transactional"
"arlington public schools salary",480,,"informational"
"fuel payment",480,,"informational"
"public holiday pay rates nsw",480,,"informational"
"ntg pay scales",480,,"informational"
"eba rates",480,,"informational"
"commercial pilot pay",480,2,"informational"
"discounted rate",480,19,"commercial"
"childcare award wages",480,,"informational"
"average salary electrician australia",480,,"informational"
"invoice payment",480,1,"informational"
"average salary of a nurse",480,1,"informational"
"redundancy tax",480,,"informational"
"general retail award pay rates",480,5,"informational"
"nurse next door pay rate",480,,"informational"
"average salary by age australia",480,1,"informational"
"strata pay",480,,"informational"
"salary surgeon australia",480,,"informational"
"carers allowance rates",480,12,"informational"
"bupa payment",480,9,"navigational"
"victims assist payment",480,2,"informational"
"centrelink newborn payment",480,,"informational"
"auto electrician pay rate",480,,"informational"
"centrelink funeral payment",480,1,"navigational"
"long expiry prepaid plans",480,,"commercial"
"dsp payment rates",480,,"informational"
"slso pay rates nsw",480,,"informational"
"newborn upfront payment and newborn supplement",480,,"informational"
"cleaning award rate",480,,"informational"
"nz salary calculator",480,28,"informational"
"military service korea",480,4,"informational"
"age pension payment rates",480,17,"informational"
"average salary in nsw",480,27,"informational"
"award wages for childcare",480,,"transactional"
"psychiatrist salary in australia",480,,"informational"
"nurse average salary",480,,"informational"
"midwife salary australia",480,,"informational"
"retired prime minister salary australia",480,,"informational"
"social worker salary australia",480,,"informational"
"nsw slso pay rate",480,,"informational"
"bond payment",390,26,"informational"
"payment processing",390,17,"commercial"
"principal salaries victoria",390,,"informational"
"governor-general australia salary",390,,"informational"
"aval pay center",390,,"navigational"
"hourly rate",390,9,"informational"
"admin wage rates qld health",390,,"commercial"
"pay synonyms",390,,"informational"
"optometrist salary australia",390,,"informational"
"financial controller pay",390,,"informational"
"payment thesaurus",390,,"informational"
"aged care pay rise",390,,"informational"
"pay agl gas bill",390,1,"transactional"
"swift payment",390,21,"commercial"
"wages for administrative assistant",390,,"informational"
"gratia payment meaning",390,,"informational"
"perth nurse salary",390,,"informational"
"registration payment",390,11,"informational"
"nurse salary perth",390,,"informational"
"pay ctp nrma",390,,"transactional"
"jsa rates",390,20,"informational"
"rmit pay fee",390,,"transactional"
"driller offsider pay",390,,"informational"
"senior civil service salary",390,,"informational"
"carsales payment",390,,"transactional"
"australia registered nurse salary",390,,"informational"
"support worker pay rate",390,,"informational"
"protective service officer",390,,"informational"
"bonus payment tax",390,,"informational"
"what is dad and partner pay",390,5,"informational"
"governor general salary australia",390,,"informational"
"solution architect pay",390,,"informational"
"pay toll notice nsw",390,,"navigational"
"fortnight payment",390,,"informational"
"first year electrical apprentice wage",390,,"informational"
"plasma donation payment",390,14,"transactional"
"principal salary victoria",390,,"informational"
"cba deposit rates",390,14,"informational"
"security of payment act vic",390,,"informational"
"pay gst",390,19,"informational"
"chef wages australia",390,,"informational"
"centrelink payment increase australia",390,,"transactional"
"nurses salary in perth australia",390,,"informational"
"nurses pay rise nsw",390,,"informational"
"ach payment",390,,"informational"
"pay thesaurus",390,1,"informational"
"emergency payment",390,8,"informational"
"rent assistance payment",390,7,"informational"
"crna pay",390,,"informational"
"australian defence force long tan award",390,,"informational"
"kmart pay rates",390,,"informational"
"cpp parking rate",390,16,"informational"
"average salary of doctor in australia",390,,"informational"
"average pay for physiotherapist",390,,"informational"
"military schools australia",390,,"informational"
"average salary for doctor in australia",390,,"informational"
"average income of a doctor in australia",390,,"informational"
"pro rata long service leave qld",390,1,"informational"
"certified registered nurse anesthetist pay",390,1,"informational"
"security service of ukraine sbu",390,14,"navigational"
"dental assistant pay",390,,"informational"
"average salary of a doctor in australia",390,,"informational"
"what is a good salary in australia",390,,"informational"
"ppteu wages",390,,"informational"
"military schools in australia",390,,"informational"
"tick tax",390,,"informational"
"registered nurse in australia salary",390,,"informational"
"couple pension rate",390,24,"informational"
"wages retail",390,,"informational"
"jsa rate",390,20,"informational"
"rmit pay fees",390,,"informational"
"senior executive service band 1 salary",390,,"informational"
"bonus pay tax",390,,"informational"
"salary for mental health nurse",390,,"informational"
"mental health nurse salary",390,,"informational"
"victoria medal recipients",390,4,"informational"
"field service",390,6,"informational"
"back payment",390,,"informational"
"central coast council rates",390,,"informational"
"registration transfer fee nsw",390,13,"transactional"
"teachers aide salary nsw",390,,"informational"
"back pay",390,,"informational"
"army nurse",390,,"informational"
"access pay novated lease",390,,"transactional"
"dental nurse salary",390,,"informational"
"certified nurse anesthetist salary",390,,"informational"
"rego transfer fee nsw",390,13,"informational"
"pay bills",390,10,"transactional"
"ex gratia payment meaning",390,,"informational"
"chef salary in australia",390,,"informational"
"nursing placement payment",390,3,"informational"
"governor-general salary australia",390,,"informational"
"pay my registration",390,24,"transactional"
"nsw probate fees",390,,"informational"
"payment terms",390,,"informational"
"act rates",390,3,"informational"
"architect salary australia",390,,"informational"
"pay synonym",390,,"informational"
"upi payment",390,24,"informational"
"speech pathologist salary australia",390,,"informational"
"rac payment",390,,"informational"
"pay awards",390,15,"informational"
"billings long",390,,"informational"
"bas payment",390,14,"informational"
"pay as you go tax",390,2,"informational"
"pay rates qld",390,21,"informational"
"nurse placement pay",390,1,"informational"
"stolen wages n t payout date",390,,"transactional"
"governor general australia salary",390,,"informational"
"fortnightly pay",390,1,"informational"
"what is pay to",390,,"informational"
"jobseeker payment over 65",390,,"informational"
"speeding fine qld payment",390,13,"transactional"
"pay a traffic infringement",390,15,"transactional"
"centrelink christmas payment programs",390,3,"commercial"
"firefighter salary australia",390,,"informational"
"public trustee unclaimed money",390,26,"informational"
"childcare wages",390,,"informational"
"ex gratia payment definition",390,,"informational"
"marine service uniform",390,2,"informational"
"average gp salary australia",390,,"informational"
"optometrist salary in australia",390,,"informational"
"stolen wages nt payout date",390,,"informational"
"civilian service",390,9,"informational"
"registered nurse salary perth",390,,"informational"
"casey council rates",390,11,"informational"
"myob pay super",390,,"informational"
"1on1 tax",390,,"informational"
"security service of ukraine",390,4,"informational"
"mental nurse salary",390,,"informational"
"australia average salary per month",390,5,"informational"
"carer payment form",390,,"informational"
"rates act",390,7,"informational"
"security pay rate",390,,"informational"
"aps level 6 pay",320,,"informational"
"project manager salary australia",320,3,"informational"
"police pay rates nsw",320,,"informational"
"top 10 highest paying side hustles australia",320,,"commercial"
"nurse wage sydney",320,,"informational"
"electrical engineer salary australia",320,,"informational"
"probate fees victoria",320,,"informational"
"policeman salary nsw",320,,"informational"
"working from home fixed rate",320,,"informational"
"unclaimed cash nsw",320,18,"informational"
"pay act rates",320,2,"informational"
"victoria average salary",320,6,"informational"
"smartsalary qld",320,7,"navigational"
"nsw pay rates for nurses",320,1,"informational"
"lump sum e payment",320,,"informational"
"today pay",320,16,"informational"
"average salary victoria australia",320,30,"informational"
"bunnings hourly rate",320,,"informational"
"what is professional year in australia",320,14,"informational"
"dentist average salary australia",320,,"informational"
"vps wages",320,,"informational"
"centrelink holiday payments",320,2,"informational"
"army gap year",320,,"informational"
"teachers pay deal",320,,"informational"
"highest suicidal job rates",320,,"informational"
"enrolled nurse pay",320,1,"informational"
"scs pay scales",320,,"informational"
"average dentist salary australia",320,,"informational"
"nurse pay rates nsw",320,,"informational"
"pay check or cheque",320,9,"informational"
"childcare subsidy rates",320,22,"commercial"
"weigh and pay",320,,"transactional"
"geotechnical engineer pay",320,,"informational"
"super fees",320,5,"informational"
"hourly rates for cleaners",320,,"informational"
"technician pay",320,,"informational"
"defence pay scales",320,,"informational"
"highest minimum wages in the world",320,9,"informational"
"pay of doctors in australia",320,,"informational"
"ato wfh rate",320,7,"informational"
"anaesthetic nurse salary australia",320,,"informational"
"casual retail award rate",320,,"commercial"
"teachers pay nsw",320,,"informational"
"concessional super contributions cap",320,7,"informational"
"nursing pay rates nsw",320,,"informational"
"disaster relief payment qld",320,20,"informational"
"carers allowance payment",320,6,"informational"
"nuclear medicine technologist pay",320,,"informational"
"bartenders pay rate",320,,"informational"
"average wage in victoria australia",320,1,"informational"
"carers pension rates",320,2,"informational"
"pay toll invoice",320,,"transactional"
"hourly rate for cleaners",320,,"informational"
"accor staff rate",320,15,"informational"
"centrelink payment schedule",320,2,"informational"
"clerk award pay rates",320,,"commercial"
"government match super contribution",320,,"informational"
"nes redundancy pay",320,,"informational"
"cash converters pay advance",320,2,"informational"
"pay rates for nurses in nsw",320,,"informational"
"post pay",320,,"informational"
"highest suicide rate by job",320,1,"informational"
"centrelink public holiday payments",320,5,"informational"
"nsw health nursing pay rates",320,,"informational"
"average salary of a dentist in australia",320,,"informational"
"applying for carers payment",320,,"transactional"
"radiologist pay",320,,"informational"
"vet pay contact",320,1,"informational"
"dva pension rates",320,,"informational"
"long service leave pro rata nsw",320,,"informational"
"sapol pay rates",320,,"commercial"
"penalty interest rates act 1983",320,,"informational"
"auspost pay",320,10,"navigational"
"cleaning hourly rate",320,,"informational"
"taswater payment",320,,"navigational"
"carers payment form",320,,"informational"
"asic annual fee",320,25,"informational"
"austudy payment amount",320,6,"informational"
"pathologist salary australia",320,,"informational"
"working away from home allowances",320,,"informational"
"nsw health registered nurse salary",320,,"informational"
"electronic rates",320,,"informational"
"minimum wage annual salary",320,19,"informational"
"nursing rates of pay nsw",320,,"informational"
"employer not paying super",320,2,"informational"
"travel pay",320,,"informational"
"event management wages",320,,"commercial"
"aldi employee pay",320,,"informational"
"doordash pay rate",320,,"informational"
"etp payment",320,,"commercial"
"nuclear medicine technologist wages",320,,"informational"
"paycheck or pay cheque",320,,"informational"
"1st year plumbing apprenticeship wages",320,,"informational"
"air force uniforms australia",320,,"navigational"
"centrelink payment dates",320,,"informational"
"uq pay scales",320,,"informational"
"cash converters advance pay",320,,"informational"
"teacher pay deal",320,,"informational"
"cleaner hourly rate",320,,"informational"
"average salary for a dentist in australia",320,,"commercial"
"emergency relief payment",320,12,"informational"
"marine biologist salary australia",320,,"informational"
"nurse anesthetist salary australia",320,,"informational"
"remittance of payment",320,1,"informational"
"hospitality award wages qld",320,,"informational"
"hairdressing apprenticeship wages",320,,"informational"
"cbcity rates",320,,"commercial"
"shelby county schools pay scale",320,,"informational"
"starting pay for teachers",320,8,"informational"
"hire a hubby hourly rates",320,,"informational"
"top 10 highest paying jobs in australia",320,,"commercial"
"ato payment options",320,15,"informational"
"payment summary ato",320,,"informational"
"pay guides",320,23,"commercial"
"braces payment plan",320,,"commercial"
"police salary nsw",320,,"informational"
"geelong council rates",320,,"informational"
"primary teacher salary victoria",320,2,"informational"
"work from home fixed rate",320,,"informational"
"paying parking fines nsw",320,9,"transactional"
"software engineer salary australia",320,,"informational"
"wa teacher pay scale",320,,"informational"
"highest suicide rates by job",320,4,"informational"
"senior civil service pay scales",320,,"informational"
"plumber hourly rate",320,,"informational"
"police officer salary qld",320,,"informational"
"payment options",320,9,"informational"
"travel nurse salary",320,,"informational"
"senior consultant pay deloitte",320,,"informational"
"lump sum payment in arrears",320,,"informational"
"hourly pay rate",320,23,"informational"
"hr licence nsw cost",320,,"informational"
"hospitality pay rates",320,,"informational"
"working away from home allowance",320,,"informational"
"qld disaster payment",320,17,"informational"
"hp3 pay scale",320,,"informational"
"adp paycheck calculator california",320,28,"informational"
"access tax",320,20,"informational"
"payment dates centrelink",320,,"transactional"
"project managers salary australia",320,,"informational"
"nurse salary nsw health",320,,"informational"
"university of queensland pay scales",320,,"informational"
"intensive care nurse salary",320,,"informational"
"mg service pricing",320,,"commercial"
"mca caps payment",320,8,"informational"
"vet nurse salary australia",320,,"informational"
"woolworths pay rates 2026",320,,"commercial"
"anz deposit rates",320,2,"informational"
"act rates payment",320,2,"informational"
"police salary victoria",320,4,"informational"
"australian public service level 6 salary",320,,"informational"
"payment schedule",320,,"informational"
"nsw health nurse salary",320,,"informational"
"sper pay fine",320,4,"informational"
"nurses pay rates nsw",320,,"informational"
"electrical engineer pay in australia",320,,"informational"
"scs pay scale",320,2,"informational"
"remediation payment",320,,"informational"
"centrelink holiday payment",320,,"informational"
"nsw health nurse pay rates",320,,"informational"
"teachers pay rates nsw",320,,"informational"
"afp protective service officer",320,,"navigational"
"bts military service",320,16,"informational"
"sa fines payment",320,2,"informational"
"average salary victoria",320,19,"informational"
"system admin pay",320,,"transactional"
"cleaners hourly rate",320,,"informational"
"cfmeu union rates",260,,"informational"
"stripe payment fees",260,8,"informational"
"piece rate work",260,13,"informational"
"l4-l5/s1 workers comp settlement australia",260,,"commercial"
"srss payment",260,,"informational"
"lifeguard pay",260,,"informational"
"pay fine revenue nsw",260,25,"informational"
"principal salary nsw",260,,"informational"
"urban planner pay",260,,"informational"
"cents per km rates",260,,"informational"
"3rd year apprentice wage",260,,"informational"
"aeronautical engineer salary in australia",260,,"informational"
"ed nurse salary",260,,"informational"
"er nurse salary",260,,"informational"
"construction worker payment",260,,"informational"
"teacher pay new zealand",260,,"informational"
"pay off holiday",260,,"informational"
"penrith council rates",260,19,"informational"
"charlie kirk annual salary",260,17,"informational"
"mandatory army service",260,22,"informational"
"cfmeu pay rates",260,,"informational"
"navy gap year",260,,"informational"
"monash fees payment",260,1,"informational"
"service body canopy",260,,"informational"
"rn 8 salary nsw per hour",260,,"informational"
"ao3 pay rate",260,,"informational"
"job seekers payment amount",260,,"informational"
"nurse annual salary",260,2,"informational"
"rates payable",260,,"informational"
"flight attendant pay",260,,"informational"
"bill pay pspcl",260,13,"navigational"
"brisbane council rates",260,,"informational"
"nsw principal salary",260,,"informational"
"eft payment meaning",260,13,"informational"
"eba pay rates",260,,"informational"
"45 per hour annual salary",260,,"informational"
"service records ww1",260,10,"navigational"
"kseb bill pay",260,3,"navigational"
"woolworths wages",260,,"informational"
"veterinary technician pay rate",260,,"informational"
"rates payment",260,,"informational"
"ignition pay",260,7,"informational"
"another word for payment",260,,"informational"
"police pay",260,5,"informational"
"centrelink back pay",260,6,"navigational"
"teacher pay deal victoria",260,,"transactional"
"kseb bill payment",260,2,"navigational"
"1st year apprentice carpenter wages",260,,"informational"
"bce pay scale",260,,"informational"
"ceo salary australia",260,1,"informational"
"a03 pay rate",260,,"informational"
"bayside council rates",260,,"informational"
"assistant principal pay",260,1,"informational"
"social security date of payment",260,14,"informational"
"premium payment",260,,"informational"
"pay bill pspcl",260,13,"navigational"
"hp pay scale qld health",260,,"informational"
"get pay now",260,13,"informational"
"wfh fixed rate",260,,"informational"
"casual teaching rate nsw",260,,"informational"
"pay kseb bill",260,9,"transactional"
"salary hourly to annual",260,29,"informational"
"nsw health nurses pay",260,,"informational"
"pspcl bill pay",260,13,"navigational"
"orthodontic payment plan",260,,"commercial"
"mechanical engineer salary australia",260,,"informational"
"nsw health nurse pay",260,,"informational"
"vet tech pay",260,,"informational"
"how much overtime pay",260,,"informational"
"nurse unit manager salary",260,,"informational"
"real estate award pay guide",260,,"informational"
"one off emergency payment victoria",260,5,"informational"
"racv cobram rates",260,7,"informational"
"pay off holidays",260,,"informational"
"melbourne tram payment",260,8,"navigational"
"field service toolbox",260,,"navigational"
"how to pay an invoice",260,,"informational"
"employment termination payment meaning",260,2,"informational"
"highest paid nurses in australia",260,,"informational"
"emergency department nurse salary",260,,"informational"
"trailer pay",260,,"commercial"
"onkaparinga council rates",260,,"informational"
"military police salary australia",260,,"informational"
"ed qld pay scale",260,,"informational"
"emergency room registered nurse salary",260,,"informational"
"fast payment",260,12,"commercial"
"aerospace engineer salary australia",260,,"informational"
"ato pay scale",260,7,"informational"
"bank bill swap rate",260,,"informational"
