"calculate wage",301000,15,40,"/pay-calculator-vic/"
"au tax brackets",60500,42,52,"/tax-brackets/"
"aus tax brackets",60500,32,51,"/tax-brackets/"
"australia tax brackets",60500,32,49,"/tax-brackets/"
"australian tax brackets",60500,32,56,"/tax-brackets/"
"tax bracket australia",60500,26,48,"/tax-brackets/"
"tax brackets australia",60500,32,50,"/tax-brackets/"
"minimum wage rate australia",49500,25,96,"/minimum-wage-history-australia/"
"au pay calculator",40500,33,38,"/monthly-pay-calculator/"
"aus pay calculator",40500,11,67,"/pay-calculator-wa/"
"aus salary calculator",40500,33,42,"/monthly-pay-calculator/"
"australia salary calculator",40500,13,55,"/"
"tax bracket",40500,32,53,"/tax-brackets/"
"tax brackets",40500,32,47,"/tax-brackets/"
"fortnightly tax table",27100,,21,"/fortnightly-tax-table/"
"payg fortnightly tax tables",27100,2,18,"/fortnightly-tax-table/"
"tax fortnightly table",27100,,16,"/payg-withholding-tables/"
"tax table fortnightly",27100,,28,"/fortnightly-tax-table/"
"tax table weekly",27100,,34,"/weekly-tax-table/"
"tax tables fortnightly",27100,,15,"/fortnightly-tax-table/"
"tax tables weekly",27100,,34,"/weekly-tax-table/"
"tax timetable fortnightly",27100,,32,"/fortnightly-tax-table/"
"tax weekly table",27100,,34,"/weekly-tax-table/"
"tax withheld calculator",27100,38,79,"/"
"taxation table weekly",27100,,28,"/weekly-tax-table/"
"taxation tables weekly",27100,,33,"/weekly-tax-table/"
"weekly tax table",27100,,33,"/weekly-tax-table/"
"withholdings tax calculator",27100,12,80,"/"
"australia tax percentage",22200,32,51,"/tax-brackets/"
"australian tax rate",22200,32,50,"/tax-brackets/"
"australian tax rates",22200,37,42,"/tax-brackets/"
"marginal tax rates australia",22200,32,56,"/tax-brackets/"
"tax levels australia",22200,32,50,"/tax-brackets/"
"tax percentage australia",22200,38,56,"/tax-brackets/"
"tax rate australia",22200,32,59,"/tax-brackets/"
"tax rates australia",22200,37,51,"/tax-brackets/"
"tax scale australia",22200,32,49,"/tax-brackets/"
"taxation rates australia",22200,33,46,"/tax-brackets/"
"taxation scale australia",22200,37,38,"/tax-brackets/"
"ato tax brackets",18100,37,68,"/tax-brackets/"
"adp calculator paycheck",14800,23,50,"/"
"adp paycheck calculator",14800,27,44,"/"
"salary calculator adp",14800,36,53,"/annual-pay-calculator/"
"salary sacrifice",14800,17,52,"/salary-sacrifice-guide/"
"salary take home calculator",14800,1,30,"/"
"tax brackets 2025",14800,37,42,"/tax-brackets/"
"tax brackets 2026",14800,32,63,"/tax-brackets/"
"tax rate",14800,32,52,"/tax-brackets/"
"tax rates",14800,32,53,"/tax-brackets/"
"taxation rates",14800,37,52,"/tax-brackets/"
"australian super rate",12100,15,45,"/super-guarantee-rate-history/"
"australian superannuation rate",12100,2,34,"/super-guarantee-rate-history/"
"fortnightly",12100,1,6,"/fortnightly-pay-calculator/"
"how many hour in a year",12100,4,62,"/hourly-to-annual-salary-calculator/"
"how many hr in a year",12100,4,48,"/hourly-to-annual-salary-calculator/"
"smart assets paycheck calculator",12100,41,36,"/"
"superannuation rate",12100,7,81,"/superannuation-guide/"
"salary rate calculator",9900,13,29,"/hourly-to-annual-salary-calculator/"
"tax file declaration form",9900,5,45,"/tax-file-number-declaration/"
"tax file number declaration form",9900,,48,"/tax-file-number-declaration/"
"tax rates 2026",9900,36,68,"/tax-brackets/"
"teacher salaries vic",9900,,38,"/teacher-pay-australia/"
"teacher salary in victoria",9900,,42,"/teacher-pay-australia/"
"teacher salary in victoria australia",9900,1,32,"/teacher-pay-australia/"
"teacher salary vic",9900,,36,"/teacher-pay-australia/"
"teacher victoria salary",9900,2,42,"/teacher-pay-australia/vic/"
"teacher wage victoria",9900,1,42,"/teacher-pay-australia/vic/"
"teachers pay victoria",9900,2,35,"/teacher-pay-australia/vic/"
"teaching in victoria salary",9900,,38,"/teacher-pay-australia/"
"fortnightly tax table 2026",8100,,12,"/payg-withholding-tables/"
"how much tax do i pay",8100,38,77,"/"
"how much tax should i pay",8100,11,50,"/"
"redundancy payment",8100,1,88,"/redundancy-pay-guide/"
"tfn declaration form",8100,,42,"/tax-file-number-declaration/"
"after tax income calculator",6600,7,44,"/"
"calculate hecs repayment",6600,,29,"/hecs-help-calculator/"
"calculate hecs repayments",6600,2,47,"/hecs-help-calculator/"
"current super rate",6600,,83,"/super-guarantee-rate-history/"
"div 293 tax",6600,,67,"/division-293-tax/"
"division 293 tax",6600,,93,"/division-293-tax/"
"fortnightly tax table 2025",6600,,27,"/fortnightly-tax-table/"
"hecs pay calculator",6600,,15,"/hecs-help-calculator/"
"long service leave calculator",6600,2,61,"/long-service-leave-calculator/"
"margin tax rates",6600,17,47,"/tax-brackets/"
"marginal tax rate",6600,12,54,"/tax-brackets/"
"marginal tax rates",6600,32,53,"/tax-brackets/"
"pay after tax calculator",6600,7,44,"/monthly-pay-calculator/"
"post tax income calculator",6600,7,70,"/"
"salary after tax calculator",6600,8,71,"/monthly-pay-calculator/"
"tax marginal rates",6600,26,47,"/tax-brackets/"
"tax rate 2025",6600,32,75,"/tax-brackets/"
"tax rate marginal",6600,13,40,"/tax-brackets/"
"tax table 2026",6600,10,20,"/monthly-tax-table/"
"tax threshold",6600,32,49,"/tax-brackets/"
"tax thresholds",6600,26,50,"/tax-brackets/"
"taxation thresholds",6600,32,45,"/tax-brackets/"
"taxes withheld",6600,11,44,"/tax-return-calculator/"
"age pension calculator",5400,15,80,"/age-pension-income-test-calculator/"
"annual leave calculation",5400,,71,"/leave-calculator/"
"annual leave calculator",5400,,49,"/leave-calculator/"
"annual.leave calculation",5400,,70,"/leave-calculator/"
"calculate net salary",5400,1,46,"/monthly-pay-calculator/"
"estimating net pay",5400,14,49,"/gross-pay-calculator/"
"fortnightly tax calculator",5400,23,34,"/fortnightly-pay-calculator/"
"hospitality award",5400,,56,"/hospitality-award-rates/"
"income and tax rates",5400,32,61,"/tax-brackets/"
"income tax rates",5400,32,59,"/tax-brackets/"
"lito",5400,,40,"/low-income-tax-offset/"
"net income calculator",5400,1,54,"/gross-pay-calculator/"
"net pay calculator",5400,3,40,"/gross-pay-calculator/"
"net wage calculator",5400,,45,"/monthly-pay-calculator/"
"notice of assessment",5400,,46,"/notice-of-assessment/"
"pay calculator nsw",5400,15,24,"/pay-calculator-nsw/"
"paycheck net calculator",5400,53,57,"/"
"redundancy calculator",5400,2,57,"/redundancy-pay-calculator/"
"redundancy pay calculator",5400,,56,"/redundancy-pay-calculator/"
"redundancy payment calculation table",5400,3,25,"/redundancy-pay-calculator/"
"redundancy payment calculator",5400,15,28,"/redundancy-pay-calculator/"
"tax calculator fortnightly",5400,23,36,"/fortnightly-pay-calculator/"
"vps",5400,35,94,"/public-service-pay-scales/vic/"
"wage calculator nsw",5400,39,21,"/pay-calculator-nsw/"
"weekly tax table 2025",5400,,34,"/weekly-tax-table/"
"weekly tax table 2026",5400,,16,"/payg-withholding-tables/"
"australian tax brackets 2026",4400,32,65,"/tax-brackets/"
"fee help repayment",4400,21,38,"/hecs-help-guide/"
"fee-help repayment",4400,21,32,"/hecs-help-guide/"
"hecs help loan repayments",4400,17,44,"/hecs-help-guide/"
"hecs repayment",4400,12,58,"/hecs-help-guide/"
"hecs repayments",4400,8,39,"/hecs-help-guide/"
"income tax brackets",4400,37,57,"/tax-brackets/"
"individual tax rate",4400,32,63,"/tax-brackets/"
"individual tax rates",4400,32,61,"/tax-brackets/"
"medicare levy calculator",4400,,26,"/medicare-levy/"
"payroll calculator",4400,11,41,"/monthly-pay-calculator/"
"repayment of hecs",4400,14,48,"/hecs-help-guide/"
"salary of a teacher",4400,5,26,"/teacher-pay-australia/"
"salary tax bracket",4400,37,41,"/tax-brackets/"
"salary tax brackets",4400,37,52,"/tax-brackets/"
"tax brackets and income",4400,32,56,"/tax-brackets/"
"tax individual rate",4400,38,62,"/tax-brackets/"
"tax individual rates",4400,38,58,"/tax-brackets/"
"tax rate for individuals",4400,37,66,"/tax-brackets/"
"tax rate individual",4400,32,61,"/tax-brackets/"
"tax rates for individuals",4400,37,68,"/tax-brackets/"
"tax thresholds 2026",4400,37,64,"/tax-brackets/"
"taxes and income brackets",4400,32,54,"/tax-brackets/"
"teacher earnings",4400,15,22,"/teacher-pay-australia/"
"teacher salary",4400,7,24,"/teacher-pay-australia/"
"teacher salary in nsw",4400,,34,"/teacher-pay-australia/nsw/"
"teacher wage",4400,11,25,"/teacher-pay-australia/"
