"100k after tax australia",720,7
"80000 a year is how much a week",30,
"80000 a year is how much an hour",320,
"80k after tax australia",480,
"aldi pay rates",320,
"amazon warehouse pay australia",10,
"ambulance victoria pay scale",10,
"apprentice chef wages",140,
"apprentice electrician pay",1900,
"apprentice hairdresser wages",320,
"apprentice mechanic wages",480,
"apprentice plumber wages",720,
"big w pay rates",260,
"bunnings pay rates",880,
"coles pay rates",1000,
"commonwealth bank salary",90,
"doordash pay australia",90,
"electrician pay nsw",,
"ikea pay rates",70,
"kmart pay rates",390,
"medicare levy threshold 2026",590,9
"minimum wage 2026 casual",10,
"minimum wage nsw",1600,26
"minimum wage queensland",170,29
"minimum wage victoria",1900,30
"minimum wage wa",1000,23
"nsw health pay scale",30,1
"nsw police pay scale",140,2
"nsw teacher pay scale",1000,
"officeworks pay rates",20,
"public holiday rate casual",210,
"qantas pay rates",90,
"queensland police pay",590,
"sa police salary",320,
"shift allowance",110,
"target pay rates",70,
"tax brackets 2022-23",10,31
"tax brackets 2023-24",20,14
"tax brackets 2024-25",480,27
"tax brackets 2025-26",1300,32
"tax rates 2026-27",590,24
"telstra salary",40,
"uber eats pay",320,8
"wa police salary",590,
"woolworths pay rates",1600,
