url,cluster,contextual_inlinks,body_inlinks,all_inlinks_incl_nav,contextual_outlinks,distinct_anchors
/,core,155,155,849,64,14
/_not-found/,core,0,0,0,5,0
/about/,core,0,0,849,4,0
/adf-pay-scales/,adf,4,4,5,9,2
/adf-pay-scales/air-force/,adf,3,3,4,9,2
/adf-pay-scales/army/,adf,3,3,4,9,2
/adf-pay-scales/navy/,adf,3,3,4,9,2
/age-pension-income-test-calculator/,centrelink,20,16,849,9,4
/aged-care-award-rates/,awards,16,16,849,27,7
/annual-leave-guide/,core,2,2,849,11,2
/annual-pay-calculator/,core,4,4,849,14,2
/austudy-youth-allowance-calculator/,centrelink,15,8,849,8,7
/average-salary-australia/,core,150,150,849,40,2
/award-rates/,awards,360,352,849,24,18
/backpay-calculator/,core,24,24,849,8,3
/bonus-tax-calculator/,core,10,10,849,14,8
/capital-gains-tax-calculator/,core,1,1,849,5,1
/carer-allowance/,centrelink,7,7,8,14,1
/carer-payment-calculator/,centrelink,8,8,9,14,2
/casual-loading-calculator/,core,13,13,14,14,1
/centrelink-advance-payment/,centrelink,7,7,8,12,4
/centrelink-crisis-payment/,centrelink,7,7,8,12,1
/centrelink-debt/,centrelink,7,7,8,12,1
/centrelink-income-test/,centrelink,23,22,849,20,4
/centrelink-working-credit-calculator/,centrelink,0,0,1,8,0
/cents-per-km/,core,2,2,3,18,3
/cleaning-award-rates/,awards,16,16,849,23,6
/clerks-award-rates/,awards,21,21,849,25,6
/commission-tax-calculator/,core,5,3,849,10,2
/concessional-contributions-cap/,core,3,3,849,9,4
/construction-trades-pay/,core,5,5,849,6,2
/contact/,core,1,1,849,4,1
/contractor-pay-calculator/,core,12,8,849,9,4
/contractor-vs-employee-calculator/,core,20,17,849,12,14
/cost-of-living-payment-2026/,centrelink,7,7,8,15,1
/division-293-tax/,core,7,7,849,6,3
/employee-vs-sole-trader-vs-company/,core,3,3,849,7,2
/employer-cost-calculator/,core,34,27,849,11,4
/employment-type-calculator/,core,6,6,849,10,4
/enterprise-agreement/,core,2,2,3,17,3
/extra-super-vs-hecs-repayment/,core,6,2,849,6,4
/family-tax-benefit-calculator/,centrelink,7,7,8,11,3
/fast-food-award-rates/,awards,19,19,849,22,7
/final-pay-calculator/,core,27,25,849,7,4
/first-job-pay-guide/,core,4,4,849,9,2
/fortnightly-pay-calculator/,core,27,27,849,11,9
/fortnightly-tax-table/,core,11,11,849,13,9
/fringe-benefits-tax/,core,6,6,849,12,6
/full-time-vs-part-time-vs-casual/,core,4,4,849,9,2
/gig-economy-pay-guide/,core,1,1,849,8,1
/gross-pay-calculator/,core,14,14,849,10,4
/gross-vs-net-pay/,core,3,3,4,20,1
/hair-and-beauty-award-rates/,awards,16,16,849,25,6
/healthcare-worker-pay/,nurse,20,20,849,23,3
/healthcare-worker-pay/nsw/,nurse,10,10,11,35,9
/healthcare-worker-pay/qld/,nurse,10,10,11,38,9
/healthcare-worker-pay/sa/,nurse,10,10,11,37,9
/healthcare-worker-pay/tas/,nurse,10,10,11,38,9
/healthcare-worker-pay/vic/,nurse,10,10,11,35,9
/healthcare-worker-pay/wa/,nurse,10,10,11,34,9
/hecs-help-calculator/,core,190,190,849,9,25
/hospitality-award-rates/,awards,45,43,849,29,15
/hourly-to-annual-salary-calculator/,core,317,317,849,180,12
/hourly-to-salary/100/,hourly-to-salary,4,4,5,14,2
/hourly-to-salary/20-5/,hourly-to-salary,5,5,6,14,1
/hourly-to-salary/20/,hourly-to-salary,4,4,5,14,2
/hourly-to-salary/21-5/,hourly-to-salary,7,7,8,14,1
/hourly-to-salary/21/,hourly-to-salary,6,6,7,14,1
/hourly-to-salary/22-5/,hourly-to-salary,9,9,10,14,1
/hourly-to-salary/22/,hourly-to-salary,8,8,9,14,1
/hourly-to-salary/23-5/,hourly-to-salary,6,6,7,14,1
/hourly-to-salary/23/,hourly-to-salary,9,9,10,14,1
/hourly-to-salary/24-5/,hourly-to-salary,7,7,8,14,1
/hourly-to-salary/24-95/,hourly-to-salary,7,7,8,15,1
/hourly-to-salary/24/,hourly-to-salary,7,7,8,14,1
/hourly-to-salary/25-5/,hourly-to-salary,6,6,7,14,1
/hourly-to-salary/25-74/,hourly-to-salary,11,11,12,15,4
/hourly-to-salary/25/,hourly-to-salary,7,7,8,14,2
/hourly-to-salary/26-44/,hourly-to-salary,10,10,11,16,3
/hourly-to-salary/26-5/,hourly-to-salary,6,6,7,14,1
/hourly-to-salary/26/,hourly-to-salary,7,7,8,14,1
/hourly-to-salary/27-08/,hourly-to-salary,11,11,12,15,4
/hourly-to-salary/27-28/,hourly-to-salary,8,8,9,15,1
/hourly-to-salary/27-5/,hourly-to-salary,8,8,9,14,1
/hourly-to-salary/27-55/,hourly-to-salary,9,9,10,15,2
/hourly-to-salary/27-81/,hourly-to-salary,13,13,14,15,5
/hourly-to-salary/27-97/,hourly-to-salary,13,13,14,15,5
/hourly-to-salary/27/,hourly-to-salary,7,7,8,14,1
/hourly-to-salary/28-44/,hourly-to-salary,11,11,12,15,3
/hourly-to-salary/28-45/,hourly-to-salary,10,10,11,15,4
/hourly-to-salary/28-5/,hourly-to-salary,8,8,9,14,2
/hourly-to-salary/28-86/,hourly-to-salary,9,9,10,15,1
/hourly-to-salary/28-89/,hourly-to-salary,10,10,11,15,2
/hourly-to-salary/28/,hourly-to-salary,7,7,8,14,1
/hourly-to-salary/29-06/,hourly-to-salary,7,7,8,15,1
/hourly-to-salary/29-45/,hourly-to-salary,16,16,17,17,10
/hourly-to-salary/29-5/,hourly-to-salary,6,6,7,14,1
/hourly-to-salary/29/,hourly-to-salary,8,8,9,14,2
/hourly-to-salary/30-36/,hourly-to-salary,6,6,7,15,1
/hourly-to-salary/30-5/,hourly-to-salary,7,7,8,14,1
/hourly-to-salary/30-66/,hourly-to-salary,9,9,10,15,4
/hourly-to-salary/30/,hourly-to-salary,32,32,33,14,6
/hourly-to-salary/31-11/,hourly-to-salary,9,9,10,15,3
/hourly-to-salary/31-3/,hourly-to-salary,9,9,10,15,3
/hourly-to-salary/31-5/,hourly-to-salary,6,6,7,14,1
/hourly-to-salary/31/,hourly-to-salary,7,7,8,14,1
/hourly-to-salary/32-13/,hourly-to-salary,8,8,9,16,3
/hourly-to-salary/32-19/,hourly-to-salary,9,9,10,15,2
/hourly-to-salary/32-5/,hourly-to-salary,9,9,10,14,1
/hourly-to-salary/32-61/,hourly-to-salary,10,10,11,15,2
/hourly-to-salary/32-67/,hourly-to-salary,12,12,13,15,3
/hourly-to-salary/32-77/,hourly-to-salary,8,8,9,15,1
/hourly-to-salary/32/,hourly-to-salary,10,10,11,14,3
/hourly-to-salary/33-05/,hourly-to-salary,9,9,10,15,2
/hourly-to-salary/33-5/,hourly-to-salary,8,8,9,14,1
/hourly-to-salary/33-99/,hourly-to-salary,9,9,10,15,4
/hourly-to-salary/33/,hourly-to-salary,9,9,10,14,2
/hourly-to-salary/34-42/,hourly-to-salary,7,7,8,15,2
/hourly-to-salary/34-45/,hourly-to-salary,7,7,8,15,3
/hourly-to-salary/34-5/,hourly-to-salary,7,7,8,14,1
/hourly-to-salary/34/,hourly-to-salary,7,7,8,14,1
/hourly-to-salary/35-5/,hourly-to-salary,6,6,7,14,1
/hourly-to-salary/35-81/,hourly-to-salary,7,7,8,15,1
/hourly-to-salary/35/,hourly-to-salary,10,10,849,14,3
/hourly-to-salary/36-22/,hourly-to-salary,8,8,9,15,2
/hourly-to-salary/36-23/,hourly-to-salary,9,9,10,15,2
/hourly-to-salary/36-5/,hourly-to-salary,9,9,10,14,1
/hourly-to-salary/36/,hourly-to-salary,8,8,9,14,2
/hourly-to-salary/37-36/,hourly-to-salary,7,7,8,15,2
/hourly-to-salary/37-5/,hourly-to-salary,6,6,7,14,1
/hourly-to-salary/37-68/,hourly-to-salary,7,7,8,15,2
/hourly-to-salary/37/,hourly-to-salary,10,10,11,14,2
/hourly-to-salary/38-5/,hourly-to-salary,8,8,9,15,2
/hourly-to-salary/38/,hourly-to-salary,10,10,11,14,2
/hourly-to-salary/39-13/,hourly-to-salary,7,7,8,15,2
/hourly-to-salary/39-5/,hourly-to-salary,8,8,9,14,1
/hourly-to-salary/39-53/,hourly-to-salary,9,9,10,15,2
/hourly-to-salary/39/,hourly-to-salary,6,6,7,14,1
/hourly-to-salary/40-49/,hourly-to-salary,8,8,9,15,2
/hourly-to-salary/40-5/,hourly-to-salary,7,7,8,14,1
/hourly-to-salary/40-58/,hourly-to-salary,9,9,10,15,3
/hourly-to-salary/40/,hourly-to-salary,15,15,849,14,3
/hourly-to-salary/41-5/,hourly-to-salary,6,6,7,14,1
/hourly-to-salary/41-66/,hourly-to-salary,7,7,8,15,2
/hourly-to-salary/41/,hourly-to-salary,7,7,8,14,1
/hourly-to-salary/42-5/,hourly-to-salary,8,8,9,14,1
/hourly-to-salary/42-55/,hourly-to-salary,9,9,10,15,2
/hourly-to-salary/42/,hourly-to-salary,6,6,7,14,1
/hourly-to-salary/43-42/,hourly-to-salary,8,8,9,15,2
/hourly-to-salary/43-5/,hourly-to-salary,7,7,8,14,1
/hourly-to-salary/43/,hourly-to-salary,8,8,9,14,1
/hourly-to-salary/44-5/,hourly-to-salary,7,7,8,14,1
/hourly-to-salary/44/,hourly-to-salary,7,7,8,14,1
/hourly-to-salary/45-5/,hourly-to-salary,6,6,7,14,1
/hourly-to-salary/45/,hourly-to-salary,15,15,16,14,3
/hourly-to-salary/46-5/,hourly-to-salary,7,7,8,14,1
/hourly-to-salary/46-7/,hourly-to-salary,8,8,9,15,2
/hourly-to-salary/46/,hourly-to-salary,6,6,7,14,1
/hourly-to-salary/47-5/,hourly-to-salary,7,7,8,14,1
/hourly-to-salary/47-92/,hourly-to-salary,9,9,10,15,2
/hourly-to-salary/47/,hourly-to-salary,7,7,8,14,1
/hourly-to-salary/48-5/,hourly-to-salary,9,9,10,14,1
/hourly-to-salary/48/,hourly-to-salary,8,8,9,14,1
/hourly-to-salary/49-16/,hourly-to-salary,9,9,10,15,2
/hourly-to-salary/49-5/,hourly-to-salary,7,7,8,14,1
/hourly-to-salary/49/,hourly-to-salary,9,9,10,14,1
/hourly-to-salary/50-25/,hourly-to-salary,7,7,8,15,2
/hourly-to-salary/50/,hourly-to-salary,17,17,18,14,3
/hourly-to-salary/51/,hourly-to-salary,5,5,6,14,1
/hourly-to-salary/52/,hourly-to-salary,5,5,6,14,1
/hourly-to-salary/53-43/,hourly-to-salary,7,7,8,15,2
/hourly-to-salary/53/,hourly-to-salary,6,6,7,14,1
/hourly-to-salary/54-58/,hourly-to-salary,8,8,9,15,2
/hourly-to-salary/54/,hourly-to-salary,8,8,9,14,1
/hourly-to-salary/55-85/,hourly-to-salary,8,8,9,15,2
/hourly-to-salary/55/,hourly-to-salary,18,18,19,14,3
/hourly-to-salary/56/,hourly-to-salary,7,7,8,14,1
/hourly-to-salary/57/,hourly-to-salary,6,6,7,14,1
/hourly-to-salary/58-37/,hourly-to-salary,7,7,8,15,2
/hourly-to-salary/58/,hourly-to-salary,8,8,9,14,1
/hourly-to-salary/59-66/,hourly-to-salary,8,8,9,15,2
/hourly-to-salary/59/,hourly-to-salary,8,8,9,14,1
/hourly-to-salary/60-95/,hourly-to-salary,7,7,8,15,2
/hourly-to-salary/60/,hourly-to-salary,68,68,69,14,3
/hourly-to-salary/61/,hourly-to-salary,7,7,8,14,1
/hourly-to-salary/62/,hourly-to-salary,6,6,7,14,1
/hourly-to-salary/63-13/,hourly-to-salary,7,7,8,15,2
/hourly-to-salary/63/,hourly-to-salary,8,8,9,14,1
/hourly-to-salary/64-46/,hourly-to-salary,8,8,9,15,2
/hourly-to-salary/64/,hourly-to-salary,8,8,9,14,1
/hourly-to-salary/65-77/,hourly-to-salary,7,7,8,15,2
/hourly-to-salary/65/,hourly-to-salary,8,8,9,14,2
/hourly-to-salary/66/,hourly-to-salary,7,7,8,14,1
/hourly-to-salary/67/,hourly-to-salary,6,6,7,14,1
/hourly-to-salary/68-49/,hourly-to-salary,7,7,8,15,2
/hourly-to-salary/68/,hourly-to-salary,8,8,9,14,1
/hourly-to-salary/69-84/,hourly-to-salary,9,9,10,15,2
/hourly-to-salary/69/,hourly-to-salary,8,8,9,14,1
/hourly-to-salary/70/,hourly-to-salary,9,9,10,14,2
/hourly-to-salary/71-19/,hourly-to-salary,8,8,9,15,2
/hourly-to-salary/71/,hourly-to-salary,8,8,9,14,1
/hourly-to-salary/72/,hourly-to-salary,6,6,7,14,1
/hourly-to-salary/73/,hourly-to-salary,7,7,8,14,1
/hourly-to-salary/74/,hourly-to-salary,6,6,7,14,1
/hourly-to-salary/75/,hourly-to-salary,6,6,7,14,2
/hourly-to-salary/76/,hourly-to-salary,6,6,7,14,1
/hourly-to-salary/77/,hourly-to-salary,6,6,7,14,1
/hourly-to-salary/78/,hourly-to-salary,7,7,8,14,1
/hourly-to-salary/79/,hourly-to-salary,7,7,8,14,1
/hourly-to-salary/80/,hourly-to-salary,7,7,8,14,2
/hourly-to-salary/81/,hourly-to-salary,7,7,8,14,1
/hourly-to-salary/82/,hourly-to-salary,7,7,8,14,1
/hourly-to-salary/83/,hourly-to-salary,7,7,8,14,1
/hourly-to-salary/84/,hourly-to-salary,7,7,8,14,1
/hourly-to-salary/85/,hourly-to-salary,7,7,8,14,2
/hourly-to-salary/86/,hourly-to-salary,7,7,8,14,1
/hourly-to-salary/87/,hourly-to-salary,7,7,8,14,1
/hourly-to-salary/88/,hourly-to-salary,7,7,8,14,1
/hourly-to-salary/89/,hourly-to-salary,7,7,8,14,1
/hourly-to-salary/90/,hourly-to-salary,7,7,8,14,2
/hourly-to-salary/91/,hourly-to-salary,7,7,8,14,1
/hourly-to-salary/92/,hourly-to-salary,7,7,8,14,1
/hourly-to-salary/93/,hourly-to-salary,7,7,8,14,1
/hourly-to-salary/94/,hourly-to-salary,10,10,11,14,1
/hourly-to-salary/95/,hourly-to-salary,9,9,10,14,2
/hourly-to-salary/96/,hourly-to-salary,8,8,9,14,1
/hourly-to-salary/97/,hourly-to-salary,7,7,8,14,1
/hourly-to-salary/98/,hourly-to-salary,6,6,7,14,1
/hourly-to-salary/99/,hourly-to-salary,5,5,6,14,1
/income-tax-calculator/,core,775,348,849,36,20
/job-pay-rates/,job-pay-rates,47,47,48,47,3
/job-pay-rates/accountant/,job-pay-rates,41,41,42,51,2
/job-pay-rates/aged-care-worker/,job-pay-rates,41,41,42,50,2
/job-pay-rates/apprentice-electrician/,job-pay-rates,41,41,42,49,2
/job-pay-rates/barista/,job-pay-rates,41,41,42,51,2
/job-pay-rates/bartender/,job-pay-rates,41,41,42,50,2
/job-pay-rates/bookkeeper/,job-pay-rates,41,41,42,49,2
/job-pay-rates/bus-driver/,job-pay-rates,41,41,42,48,2
/job-pay-rates/carpenter/,job-pay-rates,41,41,42,48,2
/job-pay-rates/chef/,job-pay-rates,41,41,42,50,2
/job-pay-rates/childcare-worker/,job-pay-rates,41,41,42,48,2
/job-pay-rates/cleaner/,job-pay-rates,41,41,42,50,2
/job-pay-rates/crane-operator/,job-pay-rates,41,41,42,49,2
/job-pay-rates/dental-assistant/,job-pay-rates,41,41,42,49,2
/job-pay-rates/dental-hygienist/,job-pay-rates,41,41,42,49,2
/job-pay-rates/disability-support-worker/,job-pay-rates,41,41,42,50,2
/job-pay-rates/doctor/,job-pay-rates,42,42,43,50,2
/job-pay-rates/early-childhood-teacher/,job-pay-rates,41,41,42,49,2
/job-pay-rates/electrician/,job-pay-rates,41,41,42,49,2
/job-pay-rates/engineer/,job-pay-rates,41,41,42,50,2
/job-pay-rates/hairdresser/,job-pay-rates,41,41,42,50,2
/job-pay-rates/lab-technician/,job-pay-rates,41,41,42,49,2
/job-pay-rates/lawyer/,job-pay-rates,41,41,42,49,2
/job-pay-rates/mechanic/,job-pay-rates,41,41,42,49,2
/job-pay-rates/medical-receptionist/,job-pay-rates,41,41,42,49,2
/job-pay-rates/midwife/,job-pay-rates,41,41,42,55,2
/job-pay-rates/nurse/,job-pay-rates,42,42,43,55,2
/job-pay-rates/occupational-therapist/,job-pay-rates,41,41,42,50,2
/job-pay-rates/pathology-collector/,job-pay-rates,41,41,42,48,2
/job-pay-rates/pharmacist/,job-pay-rates,42,42,43,50,2
/job-pay-rates/pharmacy-assistant/,job-pay-rates,41,41,42,49,2
/job-pay-rates/physiotherapist/,job-pay-rates,42,42,43,50,2
/job-pay-rates/plumber/,job-pay-rates,41,41,42,48,2
/job-pay-rates/property-manager/,job-pay-rates,41,41,42,48,2
/job-pay-rates/psychologist/,job-pay-rates,41,41,42,50,2
/job-pay-rates/real-estate-agent/,job-pay-rates,41,41,42,49,2
/job-pay-rates/receptionist/,job-pay-rates,41,41,42,48,2
/job-pay-rates/retail-worker/,job-pay-rates,41,41,42,51,2
/job-pay-rates/security-guard/,job-pay-rates,41,41,42,49,2
/job-pay-rates/social-worker/,job-pay-rates,41,41,42,50,2
/job-pay-rates/teacher-aide/,job-pay-rates,41,41,42,50,2
/job-pay-rates/truck-driver/,job-pay-rates,41,41,42,48,2
/jobseeker-payment-calculator/,centrelink,18,14,849,8,4
/junior-pay-rates/,core,42,39,849,18,7
/leave-calculator/,core,21,21,849,9,8
/leave-loading-calculator/,core,4,4,5,22,2
/long-service-leave-calculator/,lsl,27,9,849,13,6
/long-service-leave-calculator/act/,lsl,11,11,12,13,5
/long-service-leave-calculator/nsw/,lsl,11,11,12,13,6
/long-service-leave-calculator/nt/,lsl,11,11,12,13,5
/long-service-leave-calculator/qld/,lsl,11,11,12,13,5
/long-service-leave-calculator/sa/,lsl,11,11,12,13,5
/long-service-leave-calculator/tas/,lsl,11,11,12,13,5
/long-service-leave-calculator/vic/,lsl,11,11,12,13,5
/long-service-leave-calculator/wa/,lsl,11,11,12,13,5
/low-income-tax-offset/,core,17,17,849,10,6
/manufacturing-award-rates/,awards,20,20,849,27,5
/medicare-levy-surcharge-calculator/,core,5,5,849,7,3
/medicare-levy/,core,156,156,849,11,6
/minimum-wage-australia/,core,23,23,24,16,7
/minimum-wage-by-age/14/,minimum-wage-by-age,7,7,8,17,3
/minimum-wage-by-age/15/,minimum-wage-by-age,9,9,10,17,5
/minimum-wage-by-age/16/,minimum-wage-by-age,9,9,10,17,5
/minimum-wage-by-age/17/,minimum-wage-by-age,8,8,9,17,4
/minimum-wage-by-age/18/,minimum-wage-by-age,8,8,9,17,4
/minimum-wage-by-age/19/,minimum-wage-by-age,7,7,8,17,3
/minimum-wage-by-age/20/,minimum-wage-by-age,7,7,8,17,3
/minimum-wage-history-australia/,core,7,7,849,7,2
/mining-fifo-pay-guide/,core,7,7,849,9,4
/monthly-pay-calculator/,core,6,6,849,11,7
/monthly-tax-table/,core,8,8,849,14,6
/new-job-checklist/,core,1,1,849,9,1
/news/,news,0,0,849,28,0
/news/1000-dollar-instant-tax-deduction/,news,4,4,5,6,2
/news/age-pension-increase-march-2026/,centrelink,4,4,849,8,4
/news/award-wage-increase-2026-industries/,news,5,5,6,9,1
/news/c13-classification-phase-out/,news,2,2,3,8,1
/news/centrelink-changes-july-2026/,centrelink,5,5,849,9,4
/news/centrelink-payment-increase-january-2026/,centrelink,3,3,4,7,3
/news/deeming-rates-change-2026/,news,2,2,3,7,2
/news/division-296-super-tax-starts/,news,3,3,4,7,1
/news/federal-budget-2026-27-your-pay/,news,3,3,4,5,3
/news/hecs-20-percent-cut-status/,news,3,3,4,5,2
/news/hecs-indexation-2026/,news,4,4,849,5,2
/news/hecs-marginal-repayment-first-tax-time/,news,4,4,5,6,4
/news/hecs-repayment-threshold-2026-27/,news,4,4,5,6,3
/news/july-1-2026-money-changes/,news,7,7,849,12,2
/news/medicare-levy-thresholds-2026/,news,3,3,4,6,2
/news/minimum-wage-increase-july-2026/,news,6,6,849,8,2
/news/new-minimum-wage-take-home-pay/,news,3,3,4,8,1
/news/payday-super-employees-payslip/,news,2,2,3,7,1
/news/payday-super-starts-july-2026/,news,5,5,849,9,4
/news/super-contribution-caps-2026-27/,news,5,5,849,6,3
/news/super-tax-changes-explained/,news,2,2,3,8,1
/news/tax-cut-july-2026/,news,5,5,849,8,3
/news/tax-time-2026-whats-new/,news,4,4,5,7,2
/news/transfer-balance-cap-increase-2026/,news,3,3,4,7,2
/news/victorian-teachers-pay-rise-2026/,news,2,2,3,10,2
/non-resident-tax/,core,9,9,849,8,4
/notice-of-assessment/,core,1,1,849,8,1
/novated-lease-calculator/,core,3,3,849,9,7
/novated-lease-guide/,core,6,6,849,12,4
/nurses-award-rates/,awards,17,17,849,31,7
/overtime-pay-calculator/,core,265,244,849,8,11
/overtime-penalty-rates-guide/,core,51,40,849,12,7
/parental-leave-pay/,core,9,9,849,17,3
/parenting-payment-calculator/,centrelink,14,14,15,12,2
/pay-calculator-act/,state-pay,12,12,849,24,4
/pay-calculator-nsw/,state-pay,13,13,849,27,4
/pay-calculator-nt/,state-pay,13,13,849,24,4
/pay-calculator-qld/,state-pay,14,14,849,25,5
/pay-calculator-sa/,state-pay,12,12,849,26,4
/pay-calculator-tas/,state-pay,12,12,849,24,5
/pay-calculator-vic/,state-pay,13,13,849,25,5
/pay-calculator-wa/,state-pay,15,15,849,25,4
/pay-rates/,employer-pay,10,10,11,14,2
/pay-rates/bunnings/,employer-pay,8,8,9,17,3
/pay-rates/chemist-warehouse/,employer-pay,8,8,9,16,2
/pay-rates/coles/,employer-pay,8,8,9,17,4
/pay-rates/kmart/,employer-pay,8,8,9,17,3
/pay-rates/mcdonalds/,employer-pay,8,8,9,16,2
/pay-rates/subway/,employer-pay,8,8,9,17,2
/pay-rates/woolworths/,employer-pay,8,8,9,17,4
/pay-rise-calculator/,core,34,25,849,8,6
/payday-super/,core,5,5,6,7,3
/payg-withholding-tables/,core,21,21,849,22,8
/payroll-tax-calculator/,payroll-tax,18,18,19,16,3
/payroll-tax/,payroll-tax,9,9,10,20,3
/payroll-tax/act/,payroll-tax,10,10,11,15,3
/payroll-tax/nsw/,payroll-tax,10,10,11,15,3
/payroll-tax/nt/,payroll-tax,10,10,11,15,3
/payroll-tax/qld/,payroll-tax,10,10,11,15,3
/payroll-tax/sa/,payroll-tax,10,10,11,15,3
/payroll-tax/tas/,payroll-tax,10,10,11,15,3
/payroll-tax/vic/,payroll-tax,10,10,11,15,3
/payroll-tax/wa/,payroll-tax,10,10,11,15,3
/payslip-generator/,core,3,3,849,8,1
/pension-age-australia/,centrelink,0,0,1,9,0
/pharmacy-award-rates/,awards,19,19,849,25,7
/privacy/,core,0,0,849,4,0
/private-health-insurance-medicare/,core,8,8,849,6,7
/pro-rata-salary-calculator/,core,3,3,4,11,2
/public-service-pay-scales/,public-service,20,20,849,24,3
/public-service-pay-scales/aps/,public-service,6,6,7,37,3
/public-service-pay-scales/nsw/,public-service,7,7,8,38,3
/public-service-pay-scales/qld/,public-service,7,7,8,42,4
/public-service-pay-scales/sa/,public-service,7,7,8,37,3
/public-service-pay-scales/vic/,public-service,7,7,8,47,4
/public-service-pay-scales/wa/,public-service,7,7,8,42,3
/redundancy-pay-calculator/,core,16,16,849,14,7
/rent-assistance-calculator/,centrelink,7,7,8,10,2
/restaurant-award-rates/,awards,17,17,849,27,5
/retail-award-rates/,awards,49,47,849,29,17
/retail-hospitality-pay-guide/,core,4,4,849,11,2
/road-transport-award-rates/,awards,14,14,849,21,3
/salary-package-calculator/,core,22,3,849,9,3
/salary-packaging-guide/,core,27,18,849,7,5
/salary-sacrifice-calculator/,core,356,351,849,12,25
/salary-sacrifice-vs-mortgage/,core,0,0,849,6,0
/salary-to-hourly/,salary-to-hourly,138,138,849,142,2
/salary-to-hourly/100000/,salary-to-hourly,14,14,15,19,6
/salary-to-hourly/101000/,salary-to-hourly,14,14,14,19,6
/salary-to-hourly/102000/,salary-to-hourly,13,13,13,19,5
/salary-to-hourly/103000/,salary-to-hourly,14,14,14,19,6
/salary-to-hourly/104000/,salary-to-hourly,13,13,13,19,5
/salary-to-hourly/105000/,salary-to-hourly,14,14,14,19,6
/salary-to-hourly/106000/,salary-to-hourly,14,14,14,19,6
/salary-to-hourly/107000/,salary-to-hourly,14,14,14,19,6
/salary-to-hourly/108000/,salary-to-hourly,14,14,14,19,6
/salary-to-hourly/109000/,salary-to-hourly,14,14,14,19,6
/salary-to-hourly/110000/,salary-to-hourly,14,14,15,19,6
/salary-to-hourly/111000/,salary-to-hourly,14,14,14,19,6
/salary-to-hourly/112000/,salary-to-hourly,13,13,13,19,5
/salary-to-hourly/113000/,salary-to-hourly,14,14,14,19,6
/salary-to-hourly/114000/,salary-to-hourly,13,13,13,19,5
/salary-to-hourly/115000/,salary-to-hourly,15,15,15,19,6
/salary-to-hourly/116000/,salary-to-hourly,13,13,13,19,5
/salary-to-hourly/117000/,salary-to-hourly,14,14,14,19,6
/salary-to-hourly/118000/,salary-to-hourly,14,14,14,19,6
/salary-to-hourly/119000/,salary-to-hourly,14,14,14,19,6
/salary-to-hourly/120000/,salary-to-hourly,14,14,15,19,6
/salary-to-hourly/121000/,salary-to-hourly,14,14,14,19,6
/salary-to-hourly/122000/,salary-to-hourly,13,13,13,19,5
/salary-to-hourly/123000/,salary-to-hourly,14,14,14,19,6
/salary-to-hourly/124000/,salary-to-hourly,14,14,14,19,6
/salary-to-hourly/125000/,salary-to-hourly,14,14,14,19,6
/salary-to-hourly/126000/,salary-to-hourly,14,14,14,19,6
/salary-to-hourly/127000/,salary-to-hourly,14,14,14,19,6
/salary-to-hourly/128000/,salary-to-hourly,14,14,14,19,6
/salary-to-hourly/129000/,salary-to-hourly,13,13,13,19,5
/salary-to-hourly/130000/,salary-to-hourly,15,15,16,19,6
/salary-to-hourly/131000/,salary-to-hourly,13,13,13,19,5
/salary-to-hourly/132000/,salary-to-hourly,14,14,14,19,6
/salary-to-hourly/133000/,salary-to-hourly,13,13,13,19,5
/salary-to-hourly/134000/,salary-to-hourly,14,14,14,19,6
/salary-to-hourly/135000/,salary-to-hourly,14,14,14,19,6
/salary-to-hourly/136000/,salary-to-hourly,14,14,14,19,6
/salary-to-hourly/137000/,salary-to-hourly,13,13,13,19,5
/salary-to-hourly/138000/,salary-to-hourly,15,15,15,19,6
/salary-to-hourly/139000/,salary-to-hourly,13,13,13,19,5
/salary-to-hourly/140000/,salary-to-hourly,14,14,15,19,6
/salary-to-hourly/141000/,salary-to-hourly,13,13,13,18,6
/salary-to-hourly/142000/,salary-to-hourly,13,13,13,18,6
/salary-to-hourly/143000/,salary-to-hourly,12,12,12,18,5
/salary-to-hourly/144000/,salary-to-hourly,13,13,13,18,6
/salary-to-hourly/145000/,salary-to-hourly,13,13,13,19,5
/salary-to-hourly/146000/,salary-to-hourly,12,12,12,17,6
/salary-to-hourly/147000/,salary-to-hourly,11,11,11,17,5
/salary-to-hourly/148000/,salary-to-hourly,12,12,12,17,6
/salary-to-hourly/149000/,salary-to-hourly,11,11,11,17,5
/salary-to-hourly/150000/,salary-to-hourly,13,13,14,17,6
/salary-to-hourly/155000/,salary-to-hourly,12,12,12,16,6
/salary-to-hourly/160000/,salary-to-hourly,12,12,12,15,6
/salary-to-hourly/165000/,salary-to-hourly,11,11,11,15,6
/salary-to-hourly/170000/,salary-to-hourly,12,12,12,15,6
/salary-to-hourly/175000/,salary-to-hourly,11,11,11,15,6
/salary-to-hourly/180000/,salary-to-hourly,12,12,12,15,6
/salary-to-hourly/185000/,salary-to-hourly,11,11,11,15,6
/salary-to-hourly/190000/,salary-to-hourly,12,12,12,15,6
/salary-to-hourly/195000/,salary-to-hourly,11,11,11,15,6
/salary-to-hourly/200000/,salary-to-hourly,10,10,11,15,6
/salary-to-hourly/210000/,salary-to-hourly,9,9,9,15,4
/salary-to-hourly/220000/,salary-to-hourly,9,9,9,15,4
/salary-to-hourly/230000/,salary-to-hourly,9,9,9,15,4
/salary-to-hourly/240000/,salary-to-hourly,9,9,9,15,4
/salary-to-hourly/250000/,salary-to-hourly,9,9,9,15,4
/salary-to-hourly/260000/,salary-to-hourly,9,9,9,15,4
/salary-to-hourly/270000/,salary-to-hourly,9,9,9,15,4
/salary-to-hourly/280000/,salary-to-hourly,9,9,9,15,4
/salary-to-hourly/290000/,salary-to-hourly,9,9,9,15,4
/salary-to-hourly/30000/,salary-to-hourly,6,6,7,12,3
/salary-to-hourly/300000/,salary-to-hourly,9,9,9,15,4
/salary-to-hourly/350000/,salary-to-hourly,8,8,8,14,4
/salary-to-hourly/40000/,salary-to-hourly,10,10,11,15,6
/salary-to-hourly/400000/,salary-to-hourly,7,7,7,13,4
/salary-to-hourly/41000/,salary-to-hourly,12,12,12,16,6
/salary-to-hourly/42000/,salary-to-hourly,12,12,12,17,6
/salary-to-hourly/43000/,salary-to-hourly,12,12,12,17,6
/salary-to-hourly/44000/,salary-to-hourly,12,12,12,17,6
/salary-to-hourly/45000/,salary-to-hourly,13,13,14,18,6
/salary-to-hourly/46000/,salary-to-hourly,13,13,13,18,6
/salary-to-hourly/47000/,salary-to-hourly,13,13,13,18,6
/salary-to-hourly/48000/,salary-to-hourly,13,13,13,18,6
/salary-to-hourly/49000/,salary-to-hourly,14,14,14,18,6
/salary-to-hourly/50000/,salary-to-hourly,14,14,15,19,6
/salary-to-hourly/500000/,salary-to-hourly,6,6,6,12,3
/salary-to-hourly/51000/,salary-to-hourly,15,15,15,19,6
/salary-to-hourly/52000/,salary-to-hourly,15,15,15,19,6
/salary-to-hourly/53000/,salary-to-hourly,14,14,14,19,6
/salary-to-hourly/54000/,salary-to-hourly,17,17,17,19,6
/salary-to-hourly/55000/,salary-to-hourly,16,16,17,19,6
/salary-to-hourly/56000/,salary-to-hourly,16,16,16,19,6
/salary-to-hourly/57000/,salary-to-hourly,17,17,17,19,6
/salary-to-hourly/58000/,salary-to-hourly,15,15,15,19,6
/salary-to-hourly/59000/,salary-to-hourly,14,14,14,19,6
/salary-to-hourly/60000/,salary-to-hourly,15,15,16,19,6
/salary-to-hourly/61000/,salary-to-hourly,16,16,16,19,6
/salary-to-hourly/62000/,salary-to-hourly,15,15,15,19,6
/salary-to-hourly/63000/,salary-to-hourly,15,15,15,19,6
/salary-to-hourly/64000/,salary-to-hourly,16,16,16,19,6
/salary-to-hourly/65000/,salary-to-hourly,17,17,18,19,6
/salary-to-hourly/66000/,salary-to-hourly,14,14,14,19,6
/salary-to-hourly/67000/,salary-to-hourly,15,15,15,19,6
/salary-to-hourly/68000/,salary-to-hourly,16,16,16,19,6
/salary-to-hourly/69000/,salary-to-hourly,14,14,14,19,6
/salary-to-hourly/70000/,salary-to-hourly,14,14,15,19,6
/salary-to-hourly/71000/,salary-to-hourly,15,15,15,19,6
/salary-to-hourly/72000/,salary-to-hourly,16,16,16,19,6
/salary-to-hourly/73000/,salary-to-hourly,14,14,14,19,6
/salary-to-hourly/74000/,salary-to-hourly,16,16,16,19,6
/salary-to-hourly/75000/,salary-to-hourly,14,14,15,19,6
/salary-to-hourly/76000/,salary-to-hourly,14,14,14,19,6
/salary-to-hourly/77000/,salary-to-hourly,15,15,15,19,6
/salary-to-hourly/78000/,salary-to-hourly,15,15,15,19,6
/salary-to-hourly/79000/,salary-to-hourly,14,14,14,19,6
/salary-to-hourly/80000/,salary-to-hourly,16,16,17,19,6
/salary-to-hourly/81000/,salary-to-hourly,14,14,14,19,6
/salary-to-hourly/82000/,salary-to-hourly,15,15,15,19,6
/salary-to-hourly/83000/,salary-to-hourly,14,14,14,19,6
/salary-to-hourly/84000/,salary-to-hourly,15,15,15,19,6
/salary-to-hourly/85000/,salary-to-hourly,14,14,15,19,6
/salary-to-hourly/86000/,salary-to-hourly,15,15,15,19,6
/salary-to-hourly/87000/,salary-to-hourly,14,14,14,19,6
/salary-to-hourly/88000/,salary-to-hourly,14,14,14,19,6
/salary-to-hourly/89000/,salary-to-hourly,14,14,14,19,6
/salary-to-hourly/90000/,salary-to-hourly,14,14,15,19,6
/salary-to-hourly/91000/,salary-to-hourly,14,14,14,19,6
/salary-to-hourly/92000/,salary-to-hourly,15,15,15,19,6
/salary-to-hourly/93000/,salary-to-hourly,14,14,14,19,6
/salary-to-hourly/94000/,salary-to-hourly,14,14,14,19,6
/salary-to-hourly/95000/,salary-to-hourly,15,15,16,19,6
/salary-to-hourly/96000/,salary-to-hourly,14,14,14,19,6
/salary-to-hourly/97000/,salary-to-hourly,15,15,15,19,6
/salary-to-hourly/98000/,salary-to-hourly,14,14,14,19,6
/salary-to-hourly/99000/,salary-to-hourly,15,15,15,19,6
/salary-vs-hourly/,core,4,4,849,12,3
/sapto-calculator/,core,6,6,849,10,3
/schads-award-pay-rates/,awards,72,72,849,48,12
/schedule-5-tax-table/,core,10,10,849,14,11
/second-job-tax-calculator/,core,19,19,849,7,3
/security-award-rates/,awards,18,18,849,20,6
/site-directory/,core,8,0,849,0,1
/stage-3-tax-cuts/,core,4,4,849,5,3
/stsl-on-payslip/,core,4,4,849,7,3
/super-co-contribution/,core,0,0,849,7,0
/super-guarantee-charge/,core,3,3,849,10,2
/super-guarantee-rate-history/,core,15,3,849,8,4
/superannuation-calculator/,core,195,193,849,10,20
/superannuation-guide/,core,32,32,849,15,7
/take-home-pay-calculator/,core,825,764,849,10,44
/take-home-pay-on/,take-home-pay-on,142,142,849,144,1
/take-home-pay-on/100000/,take-home-pay-on,30,30,849,19,27
/take-home-pay-on/101000/,take-home-pay-on,15,15,15,19,8
/take-home-pay-on/102000/,take-home-pay-on,13,13,13,19,6
/take-home-pay-on/103000/,take-home-pay-on,15,15,15,19,10
/take-home-pay-on/104000/,take-home-pay-on,13,13,13,19,6
/take-home-pay-on/105000/,take-home-pay-on,36,36,37,19,29
/take-home-pay-on/106000/,take-home-pay-on,15,15,15,19,9
/take-home-pay-on/107000/,take-home-pay-on,14,14,14,19,7
/take-home-pay-on/108000/,take-home-pay-on,15,15,15,19,8
/take-home-pay-on/109000/,take-home-pay-on,14,14,14,19,7
/take-home-pay-on/110000/,take-home-pay-on,33,33,34,19,28
/take-home-pay-on/111000/,take-home-pay-on,15,15,15,19,8
/take-home-pay-on/112000/,take-home-pay-on,13,13,13,19,6
/take-home-pay-on/113000/,take-home-pay-on,15,15,15,19,8
/take-home-pay-on/114000/,take-home-pay-on,14,14,14,19,7
/take-home-pay-on/115000/,take-home-pay-on,33,33,34,19,25
/take-home-pay-on/116000/,take-home-pay-on,13,13,13,19,6
/take-home-pay-on/117000/,take-home-pay-on,14,14,14,19,7
/take-home-pay-on/118000/,take-home-pay-on,14,14,14,19,7
/take-home-pay-on/119000/,take-home-pay-on,14,14,14,19,7
/take-home-pay-on/120000/,take-home-pay-on,34,34,849,19,26
/take-home-pay-on/121000/,take-home-pay-on,14,14,14,19,7
/take-home-pay-on/122000/,take-home-pay-on,14,14,14,19,7
/take-home-pay-on/123000/,take-home-pay-on,14,14,14,19,7
/take-home-pay-on/124000/,take-home-pay-on,15,15,15,19,8
/take-home-pay-on/125000/,take-home-pay-on,32,32,33,19,22
/take-home-pay-on/126000/,take-home-pay-on,14,14,14,19,7
/take-home-pay-on/127000/,take-home-pay-on,14,14,14,19,7
/take-home-pay-on/128000/,take-home-pay-on,14,14,14,19,7
/take-home-pay-on/129000/,take-home-pay-on,13,13,13,19,6
/take-home-pay-on/130000/,take-home-pay-on,35,35,36,19,28
/take-home-pay-on/131000/,take-home-pay-on,13,13,13,19,6
/take-home-pay-on/132000/,take-home-pay-on,15,15,15,19,8
/take-home-pay-on/133000/,take-home-pay-on,13,13,13,19,6
/take-home-pay-on/134000/,take-home-pay-on,14,14,14,19,7
/take-home-pay-on/135000/,take-home-pay-on,31,31,32,19,24
/take-home-pay-on/136000/,take-home-pay-on,14,14,14,19,7
/take-home-pay-on/137000/,take-home-pay-on,13,13,13,19,6
/take-home-pay-on/138000/,take-home-pay-on,15,15,15,19,7
/take-home-pay-on/139000/,take-home-pay-on,13,13,13,19,6
/take-home-pay-on/140000/,take-home-pay-on,28,28,29,19,22
/take-home-pay-on/141000/,take-home-pay-on,14,14,14,18,8
/take-home-pay-on/142000/,take-home-pay-on,13,13,13,18,7
/take-home-pay-on/143000/,take-home-pay-on,12,12,12,18,6
/take-home-pay-on/144000/,take-home-pay-on,13,13,13,18,7
/take-home-pay-on/145000/,take-home-pay-on,32,32,33,19,31
/take-home-pay-on/146000/,take-home-pay-on,12,12,12,17,7
/take-home-pay-on/147000/,take-home-pay-on,11,11,11,17,6
/take-home-pay-on/148000/,take-home-pay-on,12,12,12,17,7
/take-home-pay-on/149000/,take-home-pay-on,11,11,11,17,6
/take-home-pay-on/150000/,take-home-pay-on,29,29,849,17,26
/take-home-pay-on/155000/,take-home-pay-on,27,27,28,16,22
/take-home-pay-on/160000/,take-home-pay-on,24,24,25,15,24
/take-home-pay-on/165000/,take-home-pay-on,24,24,25,15,20
/take-home-pay-on/170000/,take-home-pay-on,27,27,28,15,22
/take-home-pay-on/175000/,take-home-pay-on,23,23,24,15,23
/take-home-pay-on/180000/,take-home-pay-on,22,22,23,15,18
/take-home-pay-on/185000/,take-home-pay-on,21,21,22,15,17
/take-home-pay-on/190000/,take-home-pay-on,19,19,20,15,17
/take-home-pay-on/195000/,take-home-pay-on,22,22,23,15,19
/take-home-pay-on/20000/,take-home-pay-on,5,5,5,11,4
/take-home-pay-on/200000/,take-home-pay-on,23,23,849,15,49
/take-home-pay-on/210000/,take-home-pay-on,9,9,9,15,5
/take-home-pay-on/220000/,take-home-pay-on,9,9,9,15,5
/take-home-pay-on/230000/,take-home-pay-on,9,9,9,15,5
/take-home-pay-on/240000/,take-home-pay-on,9,9,9,15,5
/take-home-pay-on/25000/,take-home-pay-on,6,6,6,12,5
/take-home-pay-on/250000/,take-home-pay-on,9,9,9,15,5
/take-home-pay-on/260000/,take-home-pay-on,9,9,9,15,5
/take-home-pay-on/270000/,take-home-pay-on,9,9,9,15,5
/take-home-pay-on/280000/,take-home-pay-on,9,9,9,15,5
/take-home-pay-on/290000/,take-home-pay-on,9,9,9,15,5
/take-home-pay-on/30000/,take-home-pay-on,8,8,9,14,6
/take-home-pay-on/300000/,take-home-pay-on,9,9,9,15,5
/take-home-pay-on/35000/,take-home-pay-on,10,10,11,15,6
/take-home-pay-on/350000/,take-home-pay-on,8,8,8,14,5
/take-home-pay-on/40000/,take-home-pay-on,12,12,13,17,7
/take-home-pay-on/400000/,take-home-pay-on,7,7,7,13,5
/take-home-pay-on/41000/,take-home-pay-on,13,13,13,17,7
/take-home-pay-on/42000/,take-home-pay-on,12,12,12,17,7
/take-home-pay-on/43000/,take-home-pay-on,12,12,12,17,7
/take-home-pay-on/44000/,take-home-pay-on,12,12,12,17,7
/take-home-pay-on/45000/,take-home-pay-on,14,14,15,19,7
/take-home-pay-on/46000/,take-home-pay-on,13,13,13,18,7
/take-home-pay-on/47000/,take-home-pay-on,13,13,13,18,7
/take-home-pay-on/48000/,take-home-pay-on,13,13,13,18,7
/take-home-pay-on/49000/,take-home-pay-on,14,14,14,18,7
/take-home-pay-on/50000/,take-home-pay-on,17,17,849,19,8
/take-home-pay-on/500000/,take-home-pay-on,6,6,6,12,4
/take-home-pay-on/51000/,take-home-pay-on,15,15,15,19,7
/take-home-pay-on/52000/,take-home-pay-on,15,15,15,19,7
/take-home-pay-on/53000/,take-home-pay-on,14,14,14,19,7
/take-home-pay-on/54000/,take-home-pay-on,17,17,17,19,7
/take-home-pay-on/55000/,take-home-pay-on,36,36,37,19,16
/take-home-pay-on/56000/,take-home-pay-on,16,16,16,19,7
/take-home-pay-on/57000/,take-home-pay-on,17,17,17,19,7
/take-home-pay-on/58000/,take-home-pay-on,15,15,15,19,7
/take-home-pay-on/59000/,take-home-pay-on,14,14,14,19,7
/take-home-pay-on/60000/,take-home-pay-on,37,37,849,19,22
/take-home-pay-on/61000/,take-home-pay-on,16,16,16,19,7
/take-home-pay-on/62000/,take-home-pay-on,15,15,15,19,7
/take-home-pay-on/63000/,take-home-pay-on,15,15,15,19,7
/take-home-pay-on/64000/,take-home-pay-on,16,16,16,19,7
/take-home-pay-on/65000/,take-home-pay-on,39,39,40,19,26
/take-home-pay-on/66000/,take-home-pay-on,14,14,14,19,7
/take-home-pay-on/67000/,take-home-pay-on,15,15,15,19,7
/take-home-pay-on/68000/,take-home-pay-on,16,16,16,19,7
/take-home-pay-on/69000/,take-home-pay-on,14,14,14,19,7
/take-home-pay-on/70000/,take-home-pay-on,33,33,34,19,40
/take-home-pay-on/71000/,take-home-pay-on,15,15,15,19,7
/take-home-pay-on/72000/,take-home-pay-on,16,16,16,19,7
/take-home-pay-on/73000/,take-home-pay-on,14,14,14,19,7
/take-home-pay-on/74000/,take-home-pay-on,17,17,17,19,8
/take-home-pay-on/75000/,take-home-pay-on,30,30,849,19,44
/take-home-pay-on/76000/,take-home-pay-on,14,14,14,19,7
/take-home-pay-on/77000/,take-home-pay-on,15,15,15,19,7
/take-home-pay-on/78000/,take-home-pay-on,15,15,15,19,7
/take-home-pay-on/79000/,take-home-pay-on,15,15,15,19,8
/take-home-pay-on/80000/,take-home-pay-on,35,35,849,19,36
/take-home-pay-on/81000/,take-home-pay-on,14,14,14,19,7
/take-home-pay-on/82000/,take-home-pay-on,16,16,16,19,9
/take-home-pay-on/83000/,take-home-pay-on,14,14,14,19,7
/take-home-pay-on/84000/,take-home-pay-on,16,16,16,19,8
/take-home-pay-on/85000/,take-home-pay-on,35,35,36,19,35
/take-home-pay-on/86000/,take-home-pay-on,15,15,15,19,7
/take-home-pay-on/87000/,take-home-pay-on,14,14,14,19,7
/take-home-pay-on/88000/,take-home-pay-on,14,14,14,19,7
/take-home-pay-on/89000/,take-home-pay-on,14,14,14,19,7
/take-home-pay-on/90000/,take-home-pay-on,37,37,849,19,33
/take-home-pay-on/91000/,take-home-pay-on,15,15,15,19,8
/take-home-pay-on/92000/,take-home-pay-on,15,15,15,19,7
/take-home-pay-on/93000/,take-home-pay-on,14,14,14,19,7
/take-home-pay-on/94000/,take-home-pay-on,14,14,14,19,7
/take-home-pay-on/95000/,take-home-pay-on,43,43,44,19,23
/take-home-pay-on/96000/,take-home-pay-on,15,15,15,19,8
/take-home-pay-on/97000/,take-home-pay-on,15,15,15,19,7
/take-home-pay-on/98000/,take-home-pay-on,15,15,15,19,8
/take-home-pay-on/99000/,take-home-pay-on,15,15,15,19,7
/tax-bracket-history/,core,4,4,849,5,2
/tax-brackets/,core,737,314,849,40,19
/tax-calendar/,core,7,7,849,14,3
/tax-changes-2026-27/,core,10,10,849,10,4
/tax-deductions-guide/,core,151,146,849,5,2
/tax-file-number-declaration/,core,6,6,849,11,3
/tax-free-threshold/,core,4,4,849,12,2
/tax-on/,tax-on,141,141,849,144,2
/tax-on/100000/,tax-on,16,16,849,22,6
/tax-on/101000/,tax-on,13,13,13,22,4
/tax-on/102000/,tax-on,13,13,13,22,4
/tax-on/103000/,tax-on,13,13,13,22,4
/tax-on/104000/,tax-on,13,13,13,22,4
/tax-on/105000/,tax-on,13,13,14,22,4
/tax-on/106000/,tax-on,13,13,13,22,4
/tax-on/107000/,tax-on,13,13,13,22,4
/tax-on/108000/,tax-on,13,13,13,22,4
/tax-on/109000/,tax-on,13,13,13,22,4
/tax-on/110000/,tax-on,14,14,15,22,5
/tax-on/111000/,tax-on,13,13,13,22,4
/tax-on/112000/,tax-on,13,13,13,22,4
/tax-on/113000/,tax-on,13,13,13,22,4
/tax-on/114000/,tax-on,13,13,13,22,4
/tax-on/115000/,tax-on,13,13,14,22,4
/tax-on/116000/,tax-on,13,13,13,22,4
/tax-on/117000/,tax-on,13,13,13,22,4
/tax-on/118000/,tax-on,13,13,13,22,4
/tax-on/119000/,tax-on,13,13,13,22,4
/tax-on/120000/,tax-on,16,16,849,22,6
/tax-on/121000/,tax-on,13,13,13,22,4
/tax-on/122000/,tax-on,13,13,13,22,4
/tax-on/123000/,tax-on,13,13,13,22,4
/tax-on/124000/,tax-on,13,13,13,22,4
/tax-on/125000/,tax-on,13,13,14,22,4
/tax-on/126000/,tax-on,13,13,13,22,4
/tax-on/127000/,tax-on,13,13,13,22,4
/tax-on/128000/,tax-on,13,13,13,22,4
/tax-on/129000/,tax-on,13,13,13,22,4
/tax-on/130000/,tax-on,14,14,15,22,5
/tax-on/131000/,tax-on,13,13,13,22,4
/tax-on/132000/,tax-on,13,13,13,22,4
/tax-on/133000/,tax-on,13,13,13,22,4
/tax-on/134000/,tax-on,13,13,13,22,4
/tax-on/135000/,tax-on,13,13,14,22,4
/tax-on/136000/,tax-on,13,13,13,22,4
/tax-on/137000/,tax-on,13,13,13,22,4
/tax-on/138000/,tax-on,13,13,13,22,4
/tax-on/139000/,tax-on,13,13,13,22,4
/tax-on/140000/,tax-on,14,14,15,22,5
/tax-on/141000/,tax-on,12,12,12,21,4
/tax-on/142000/,tax-on,12,12,12,21,4
/tax-on/143000/,tax-on,12,12,12,21,4
/tax-on/144000/,tax-on,12,12,12,21,4
/tax-on/145000/,tax-on,13,13,14,22,4
/tax-on/146000/,tax-on,11,11,11,20,4
/tax-on/147000/,tax-on,11,11,11,20,4
/tax-on/148000/,tax-on,11,11,11,20,4
/tax-on/149000/,tax-on,11,11,11,20,4
/tax-on/150000/,tax-on,14,14,849,20,6
/tax-on/155000/,tax-on,10,10,11,19,4
/tax-on/160000/,tax-on,10,10,11,18,5
/tax-on/165000/,tax-on,9,9,10,18,4
/tax-on/170000/,tax-on,9,9,10,18,4
/tax-on/175000/,tax-on,9,9,10,18,4
/tax-on/180000/,tax-on,10,10,11,18,5
/tax-on/185000/,tax-on,9,9,10,18,4
/tax-on/190000/,tax-on,9,9,10,18,4
/tax-on/195000/,tax-on,9,9,10,18,4
/tax-on/20000/,tax-on,5,5,5,14,3
/tax-on/200000/,tax-on,12,12,849,18,6
/tax-on/210000/,tax-on,9,9,9,18,4
/tax-on/220000/,tax-on,9,9,9,18,4
/tax-on/230000/,tax-on,9,9,9,18,4
/tax-on/240000/,tax-on,9,9,9,18,4
/tax-on/25000/,tax-on,6,6,6,15,4
/tax-on/250000/,tax-on,9,9,9,18,4
/tax-on/260000/,tax-on,9,9,9,18,4
/tax-on/270000/,tax-on,9,9,9,18,4
/tax-on/280000/,tax-on,9,9,9,18,4
/tax-on/290000/,tax-on,9,9,9,18,4
/tax-on/30000/,tax-on,9,9,10,17,5
/tax-on/300000/,tax-on,9,9,9,18,4
/tax-on/35000/,tax-on,9,9,10,18,4
/tax-on/350000/,tax-on,8,8,8,17,4
/tax-on/40000/,tax-on,14,14,849,20,6
/tax-on/400000/,tax-on,7,7,7,16,4
/tax-on/41000/,tax-on,11,11,11,20,4
/tax-on/42000/,tax-on,11,11,11,20,4
/tax-on/43000/,tax-on,11,11,11,20,4
/tax-on/44000/,tax-on,11,11,11,20,4
/tax-on/45000/,tax-on,14,14,15,22,5
/tax-on/46000/,tax-on,12,12,12,21,4
/tax-on/47000/,tax-on,12,12,12,21,4
/tax-on/48000/,tax-on,12,12,12,21,4
/tax-on/49000/,tax-on,12,12,12,21,4
/tax-on/50000/,tax-on,16,16,849,22,6
/tax-on/500000/,tax-on,6,6,6,15,3
/tax-on/51000/,tax-on,13,13,13,22,4
/tax-on/52000/,tax-on,13,13,13,22,4
/tax-on/53000/,tax-on,13,13,13,22,4
/tax-on/54000/,tax-on,13,13,13,22,4
/tax-on/55000/,tax-on,13,13,14,22,4
/tax-on/56000/,tax-on,13,13,13,22,4
/tax-on/57000/,tax-on,13,13,13,22,4
/tax-on/58000/,tax-on,13,13,13,22,4
/tax-on/59000/,tax-on,13,13,13,22,4
/tax-on/60000/,tax-on,16,16,849,22,6
/tax-on/61000/,tax-on,13,13,13,22,4
/tax-on/62000/,tax-on,13,13,13,22,4
/tax-on/63000/,tax-on,13,13,13,22,4
/tax-on/64000/,tax-on,13,13,13,22,4
/tax-on/65000/,tax-on,13,13,14,22,4
/tax-on/66000/,tax-on,13,13,13,22,4
/tax-on/67000/,tax-on,13,13,13,22,4
/tax-on/68000/,tax-on,13,13,13,22,4
/tax-on/69000/,tax-on,13,13,13,22,4
/tax-on/70000/,tax-on,16,16,849,22,6
/tax-on/71000/,tax-on,13,13,13,22,4
/tax-on/72000/,tax-on,13,13,13,22,4
/tax-on/73000/,tax-on,13,13,13,22,4
/tax-on/74000/,tax-on,13,13,13,22,4
/tax-on/75000/,tax-on,13,13,14,22,4
/tax-on/76000/,tax-on,13,13,13,22,4
/tax-on/77000/,tax-on,13,13,13,22,4
/tax-on/78000/,tax-on,13,13,13,22,4
/tax-on/79000/,tax-on,13,13,13,22,4
/tax-on/80000/,tax-on,16,16,849,22,7
/tax-on/81000/,tax-on,13,13,13,22,4
/tax-on/82000/,tax-on,13,13,13,22,4
/tax-on/83000/,tax-on,13,13,13,22,4
/tax-on/84000/,tax-on,13,13,13,22,4
/tax-on/85000/,tax-on,13,13,14,22,4
/tax-on/86000/,tax-on,13,13,13,22,4
/tax-on/87000/,tax-on,13,13,13,22,4
/tax-on/88000/,tax-on,13,13,13,22,4
/tax-on/89000/,tax-on,13,13,13,22,4
/tax-on/90000/,tax-on,16,16,849,22,6
/tax-on/91000/,tax-on,13,13,13,22,4
/tax-on/92000/,tax-on,13,13,13,22,4
/tax-on/93000/,tax-on,13,13,13,22,4
/tax-on/94000/,tax-on,13,13,13,22,4
/tax-on/95000/,tax-on,13,13,14,22,4
/tax-on/96000/,tax-on,13,13,13,22,4
/tax-on/97000/,tax-on,13,13,13,22,4
/tax-on/98000/,tax-on,13,13,13,22,4
/tax-on/99000/,tax-on,13,13,13,22,4
/tax-refund-guide/,core,9,9,849,14,2
/tax-return-2026/,core,2,2,3,12,4
/tax-return-calculator/,core,165,165,849,10,15
/tax-withheld-calculator/,core,2,2,849,14,1
/teacher-pay-australia/,teacher,13,13,849,24,4
/teacher-pay-australia/act/,teacher,9,9,10,29,3
/teacher-pay-australia/nsw/,teacher,9,9,10,28,3
/teacher-pay-australia/nt/,teacher,9,9,10,40,3
/teacher-pay-australia/qld/,teacher,9,9,10,41,3
/teacher-pay-australia/sa/,teacher,9,9,10,33,3
/teacher-pay-australia/tas/,teacher,9,9,10,38,3
/teacher-pay-australia/vic/,teacher,10,10,11,39,4
/teacher-pay-australia/wa/,teacher,9,9,10,25,3
/tech-salary-guide-australia/,core,2,2,849,8,2
/terms/,core,0,0,849,4,0
/time-in-lieu/,core,2,2,3,18,3
/travel-allowance/,core,2,2,3,8,2
/understanding-your-payslip/,core,55,44,849,14,7
/weekly-pay-calculator/,core,83,83,849,13,16
/weekly-tax-table/,core,10,10,849,13,9
/work-from-home-deductions/,core,3,3,849,4,3
/work-hours-calculator/,core,3,3,849,9,1
/working-holiday-tax/,core,9,9,849,6,5
/ytd-income-calculator/,core,1,1,849,8,1
/zone-tax-offset/,core,6,6,849,11,4
