prospect,target_url,page_status,contact_route,contact_name,contact,draft_to_use,personalisation_line,our_page_to_pitch,notes
latrobe.edu.au,https://www.latrobe.edu.au/students/support/wellbeing/resource-hub/financial/awareness,ok,contact-page,,https://www.latrobe.edu.au/contact,"7. La Trobe University (student wellbeing, financial awareness)","Your Financial awareness page's Taxes section points students to CPA Australia's tax tips, a pay calculator and Moneysmart's income tax page, and notes that tax time is confusing for students with student loans, government payments and multiple jobs.",/first-job-pay-guide/ + /embed/,"READY (weak route). The page still lists paycalculator.com.au under Taxes. No page-owner email is published. The Wellbeing 'Contact us' form is for students asking for support, so do not use it. The best public route is University Contacts > General enquiries (ASK La Trobe)."
uts.edu.au,https://www.uts.edu.au/for-students/current-students/support/financial-help/tools-and-resources-help-money-matters,ok,email,UTS Financial Assistance Service (general enquiries),financial.assistance@uts.edu.au,"7. La Trobe University (student wellbeing, financial awareness) (adapt: swap page name and opening line)","Your Tools and resources page suggests that students with an income try to save around 10% to 20% of their earnings each month, and points them to Moneysmart's budget planner for the income side.",/take-home-pay-calculator/ + /hecs-help-calculator/,"READY. The page points readers to the Financial Assistance Service, and its page lists this as the team's general enquiries address. Named coordinators are also listed there, but use the team address."
anu.edu.au,https://www.anu.edu.au/students/health-safety-wellbeing/spending-well/saving-and-budgeting-as-a-student,ok,email,Wellbeing (named as 'Page Owner' on the page),student.life@anu.edu.au,"7. La Trobe University (student wellbeing, financial awareness) (adapt: swap page name and opening line)","Your Saving and budgeting page's 'Budgeting tools and resources' section points students to the Moneysmart budget planner and its Student life and money page, but nothing on it yet helps a student with a casual job work out what they keep after tax.",/first-job-pay-guide/ + /tax-free-threshold/ + /take-home-pay-calculator/,"READY. The page footer names 'Page Owner: Wellbeing' with this address. student.wellbeing@anu.edu.au is the Student Safety and Wellbeing service line, so use it only as a fallback."
vu.edu.au,https://www.vu.edu.au/about-vu/news-events/vu-blog/student-budgeting-advice-apps-to-use,ok,form,,https://www.vu.edu.au/contact-us/feedback-complaints/website-feedback,"7. La Trobe University (student wellbeing, financial awareness) (adapt: lead with the correction)","Your Student budgeting advice post says students repay their HELP debt once they earn above $46,620 ('figure correct as of 2022'); for 2026-27 the minimum repayment threshold is $69,528, and since 1 July 2025 repayments are charged only on income above it.",/hecs-help-calculator/ + /take-home-pay-calculator/,"READY. The form is for reporting broken links or 'something is incorrect', and it warns that people selling SEO will be blacklisted. Lead with the HELP threshold correction, keep our link secondary and leave out any SEO wording. Check $69,528 on ato.gov.au on the day you send."
guild.curtin.edu.au,https://guild.curtin.edu.au/advice/financial-old-old/studentfinances/,ok,email,,hello@guild.curtin.edu.au,"7. La Trobe University (student wellbeing, financial awareness) (adapt: swap page name and opening line)","Your Student Finances page opens its budgeting advice with 'Do your budget. What is your income and fixed expenses?', and its Tax and Superannuation section links only to Fair Work.",/hecs-help-calculator/ + /embed/,"READY. This is the Guild's general address from guild.curtin.edu.au/contact/. student.assist@ is the student casework line and asks for a student number, so do not use it. The URL still contains 'financial-old-old' and the footer says 2022, so ask whether a newer page has replaced it."
msa.monash.edu,https://msa.monash.edu/library/archive-0,ok,email,,msa@monash.edu,9. Finder (HECS coverage) (adapt: swap opening line and ask),"Your 'Free to Fee' HECS timeline links a student-loan repayment calculator and notes Labor's promise to lift the minimum repayment amount to at least $67,000; that change has since been legislated, and the 2026-27 threshold is $69,528.",/hecs-help-calculator/,"READY. Address from MSA's contact page (monashstudentassociation.com.au/contact-us/). Their link text says the competitor's calculator shows how long a debt takes to repay. Ours gives the yearly repayment, not a payoff date, so do not claim that. Check the $67,000 law change and $69,528 on ato.gov.au before you send."
finder.com.au,https://www.finder.com.au/news/is-paying-off-hecs-debt-early-the-smart-move,ok,email,"Taylor Blackburn, head of public relations, Australia",aupr@finder.com,9. Finder (HECS coverage),"Finder's 31 January 2023 article on paying off HECS early quotes the 2022/23 repayment threshold of $48,361 and repayments of 1% to 10% of total income; since 1 July 2025 repayments are charged only on income above the threshold, which is $69,528 for 2026-27.",/australian-tax-and-pay-data/#hecs + /hecs-help-calculator/,"READY. finder.com.au/media asks for data requests to go to aupr@. The article carries a 'more than 3 years old' banner, so pitch for future HECS stories, not an edit. The author, Luana Matrone, lists luana.matrone@finder.com on her author page but has published nothing since Feb 2023."
comparethemarket.com.au,https://www.comparethemarket.com.au/news/how-paying-off-a-degree-could-make-it-harder-to-buy-a-home/,ok,email,"Phillip Portman, Media and Communications Manager",phillip.portman@comparethemarket.com.au,9. Finder (HECS coverage) (adapt: swap opening line),"Your 21 November 2024 release on HECS and borrowing power carries a 2024-25 repayment-rate table starting at $54,435 and points readers to a repayment income calculator; for 2026-27 the threshold is $69,528 and repayments are charged only on income above it.",/australian-tax-and-pay-data/#hecs + /hecs-help-calculator/,"READY. Phillip Portman is on the current media team listed at comparethemarket.com.au/media-centre/. The release's own contact, Natasha Innes (her address is on the article), is not on that list. Send in a different week from the Finder email."
canstar.com.au,https://www.canstar.com.au/news/the-changes-happening-on-july-1-2026/,ok,email,"Laine Gordon, PR Lead, Banking (author of the piece)",Laine.Gordon@canstar.com.au,"2. Canstar (annual ""what changes"" coverage)","Your 25 June piece on the winners, losers and hidden costs from 1 July led with the 16% rate falling to 15% (worth up to $268) and the further drop to 14% next July.",/pay-and-tax-changes-calendar/ + /tax-changes-2026-27/,"READY. The article has been retitled 'New financial year: the winners, losers and hidden costs from 1 July' (25 Jun 2026) at the same URL. The address is listed on canstar.com.au/media/, with media@canstar.com.au as the general alternative. Do not quote a percentage rise: Canstar says award wages rose 4.75%, while our CSV gives 6.0% for the National Minimum Wage."
australianunions.org.au,https://www.australianunions.org.au/factsheet/minimum-wage/,ok,form,,https://www.australianunions.org.au/contact-australian-unions/,4. Australian Unions (minimum wage factsheet),Your minimum wage factsheet (updated July 2026) makes the point that unions campaign at the Annual Wage Review every year to win the increase.,/minimum-wage-history-australia/ + /australian-tax-and-pay-data/,"READY (low odds). Use the 'Send us a message' form with the subject 'General enquiry'. The factsheet links only to its own factsheets and has its own junior table, which shows $15.28 for 17-year-olds (ours shows $15.29)."
awu.net.au,https://awu.net.au/minimum-wage/,ok,form,,https://awu.net.au/contact-us/,3. AWU (minimum wage page),"Your minimum wage page still gives the 1 July 2025 rate of $24.95 an hour ($948 a week) and junior rates built on it, such as $9.18 for under-16s; from 1 July 2026 those are $26.44 ($1,004.90) and $9.73.",/junior-pay-rates/ + /australian-tax-and-pay-data/,"READY. The page's figures are a year out of date, which is a real reason to write. The national office address members@nat.awu.net.au is also published, but it is for member services. Before sending, the owner should settle whether the 17-year-old rate is $15.29 (ours) or $15.28 (Australian Unions)."
sda.au,https://www.sda.au/your-rights/your-rights-in-the-retail-industry/,changed,email,,general@sda.org.au,none (held),"Your retail rights page has its own Retail Award pay calculator, down to the question of whether a junior has worked for their employer for more or less than 6 months.",/retail-award-rates/,"HOLD. The page is SDA's own Retail Award pay calculator and lists no outside resources, so there is little reason for them to link us. The address is the national office email in the site footer."
nswnma.asn.au,https://www.nswnma.asn.au/workplace/phs-awards-and-conditions/,ok,form,,https://www.nswnma.asn.au/contact-us/,"3. AWU (minimum wage page) (adapt: swap page, asset and opening line)","Your awards and conditions page links the Public Health System Nurses' and Midwives' (State) Award wage calculator PDF for 1 July 2026; our NSW page lists the same award's pay points, each linked to its after-tax figure.",/healthcare-worker-pay/nsw/,"READY (low odds). Pitch the NSW page, not /nurses-award-rates/: that page covers the federal Nurses Award, while NSW public hospital nurses are on the state award. Use the 'Submit your Query' form. The general address gensec@nswnma.asn.au is also published. lwallace@ is for media queries only."
youthlaw.asn.au,https://youthlaw.asn.au/training-resources/publications-for-workers/,changed,email,,info@youthlaw.asn.au,10. Youthlaw (rates of pay fact sheet),Your Rates of Pay and Unpaid Wages fact sheet (last updated June 2023) points young people to a single JobWatch page on getting paid.,/junior-pay-rates/ + /pay-and-tax-changes-calendar/,"READY after retargeting. The 5 Oct URL is a page of resources for youth workers (duty of care, street law), not for young employees. Pitch https://youthlaw.asn.au/learn-about-the-law/rates-of-pay-and-unpaid-wages/ instead. info@ is the published general and media address."
jobwatch.org.au,https://jobwatch.org.au/,changed,form,,https://jobwatch.org.au/contact/,none (held),"Your External links page sorts referrals into categories including 'Wages, Taxes and Superannuation', and every entry is a regulator, tribunal or legal service.",/backpay-calculator/ + /final-pay-calculator/,"HOLD. The homepage has no resource list. The list is at /resources/external-links/ and holds only regulators, tribunals and legal services. The media contact georgiag@jobwatch.org.au is for press enquiries only."
legalaid.vic.gov.au,https://www.legalaid.vic.gov.au/other-support-employment,ok,none,,,none (held),"Your Other support for employment page (updated 6 August 2026) lists only the Fair Work Ombudsman, JobWatch, unions, WorkSafe and other statutory bodies under 'Resources from other organisations'.",/backpay-calculator/ + /award-rates/,"NO ROUTE. The only contact channels are legal help, complaints and media. There is no website or resource-suggestion route, and the page lists only government, legal and union bodies. Skip."
schools.au.reachout.com,https://schools.au.reachout.com/careers/know-your-work-rights,ok,email,,info@reachout.com,"7. La Trobe University (student wellbeing, financial awareness) (adapt: swap page name and opening line)","Your Know your work rights activity asks Year 10-12 students 'How much should Sally be paid for her regular shifts?' for her café job, using ReachOut's own article as the only source.",/first-job-pay-guide/ + /junior-pay-rates/ + /hospitality-award-rates/,"READY (low odds). General address from about.au.reachout.com/contact-us. media@ is for journalists, so do not use it."
youth.gov.au,https://www.youth.gov.au/employment/workplace-rights,ok,form,,https://submit.dese.gov.au/jfe/form/SV_ctDbhEdFve2fapU,10. Youthlaw (rates of pay fact sheet) (adapt: swap page name and opening line),"Your Workplace rights page sends young people to the Fair Work Ombudsman for pay rates, entitlements and unpaid trials.",/junior-pay-rates/,"READY (very low odds). The government page links only to the Fair Work Ombudsman. The form is the general enquiries form linked from youth.gov.au/using-site/contact-us, and youth@education.gov.au is also published. The asset in the 5 Oct CSV, /minimum-wage-by-age/, returns 404, so pitch /junior-pay-rates/."
financialcounsellingaustralia.org.au,https://www.financialcounsellingaustralia.org.au/our-work/toolkit-for-financial-counsellors/,changed,email,,info@financialcounsellingaustralia.org.au,6. Financial Counselling Australia (toolkit for counsellors),Your toolkit page says new resources such as guidance notes are added frequently to the toolkit that financial counsellors log in to.,/embed/ + /australian-tax-and-pay-data/,"READY (no public link). The public page has no resource list, and the toolkit sits behind a login at toolkit.org.au, so a listing would not be a public backlink. Send only for referral and credibility value."
backpackerjobboard.com.au,https://www.backpackerjobboard.com.au/claim-tax-back/,changed,email,,help@backpackerjobboard.com.au,none (held),Your working holiday tax guide (last reviewed 3 August 2026) recommends the ATO's Income tax estimator and says you are building your own backpacker tax return calculator.,/working-holiday-tax/,"HOLD. The guide has been rewritten: it now cites only the ATO, TPB, Fair Work Ombudsman and Home Affairs, and plans its own calculator. The site publishes the address as 'help [at] backpackerjobboard.com.au'."
sourcebottle.com,https://www.sourcebottle.com/,ok,form,,https://www.sourcebottle.com/subscribe.asp,"none (process, not outreach)",The homepage says experts can now create an Expert Profile for free and receive journalists' media call-outs.,/australian-pay-report-2026/,"NOT OUTREACH. Anita registers a free source profile herself (an account, so a human step) and answers only genuine wage or tax call-outs she can stand behind."
reddit.com,https://www.reddit.com/r/AusFinance/wiki/index/,ok,none,,,"none (process, not outreach)","The r/AusFinance wiki collects community resources on investing, mortgages and taxes (per search index; not reloaded).",/take-home-pay-on/ (answers only),"NOT OUTREACH. Firecrawl does not support reddit.com, so the wiki could not be reloaded; the search index still lists it. Answer threads only, disclose the link, and read the subreddit rules first."
employsure.com.au,https://employsure.com.au/guides/wage-and-pay/minimum-wage-australia,ok,email,,media@peninsula-au.com,5. Employsure (employer guide),"Your Minimum Wage in Australia guide (last updated 2 July 2025) still opens with $23.23 an hour and the 3.75% rise to $24.10 from 1 July 2024; the rate from 1 July 2026 is $26.44 ($1,004.90 a week).",/embed/ + /australian-tax-and-pay-data/,"READY. The address is listed under 'Media & PR' on employsure.com.au/contact. The byline is Adam Wyatt, Content Writer, with no email published. The guide links no outside guides (Peninsula is Employsure's parent group), so the stale figures are the reason to write."
studyworkgrow.com,https://studyworkgrow.com/what-is-the-median-salary-in-australia/,ok,email,,info@studyworkgrow.com,8. Right Now (opinion and reporting on young workers) (adapt: swap the junior-rate table for the pay report),"Your median salary article turns the ABS August 2025 median of $1,425 a week into about $74,100 a year and quotes the 1 July 2025 minimum wage of $24.95; the minimum from 1 July 2026 is $26.44.",/australian-pay-report-2026/ + /take-home-pay-on/74000/,READY. Address from studyworkgrow.com/contact/. The article was updated on 7 Apr 2026.
rightnow.org.au,https://rightnow.org.au/opinion/young-cheap-and-disposable-why-australias-retail-and-food-industry-is-failing-young-people/,ok,email,Editor,rose@rightnow.org.au,8. Right Now (opinion and reporting on young workers),"Megan Sapardanis's 20 January piece cites the under-16 junior rate as 36.8% of the minimum wage, or $9.18 an hour, with the adult rate at $24.95; from 1 July 2026 those are $9.73 and $26.44.",/junior-pay-rates/ + /pay-and-tax-changes-calendar/,"READY. The contact page lists this address as 'Contact the Editor'. The site is run by volunteers, so a reply can take 1 to 2 weeks. The author has no published email, so do not look for her elsewhere."
agedcareguide.com.au,https://www.agedcareguide.com.au/talking-aged-care/aged-care-quality-could-improve-if-allied-health-trainees-receive-financial-assistance,ok,form,,https://www.agedcareguide.com.au/contact,8. Right Now (opinion and reporting on young workers) (adapt: swap the junior-rate table for aged care award rates),"Your September 2024 article set the $319.50-a-week placement payment for nursing students against a minimum wage of $915.90 a week; the figure from 1 July 2026 is $1,004.90.",/aged-care-award-rates/,READY (low odds). The article dates from 24 Sep 2024 and carries the house byline 'Polly Policy'. Pitch for future pay stories.
smile.com.au,https://www.smile.com.au/enterprise/dental-cover/article/absenteeism-vs-presenteeism,ok,form,,https://www.smile.com.au/contact,5. Employsure (employer guide) (adapt: swap the badge for the leave pages),"Your presenteeism article notes that around one in five employees lacks paid sick leave entitlements, and cites a casual sick-leave explainer for it.",/sick-leave-calculator/ + /leave-calculator/,"READY (low odds). This is a corporate dental-cover blog by the CEO, Dion Kramer. member@ and provider@ are for members and dentists, so use the contact form."
finefoodaustralia.com.au,https://finefoodaustralia.com.au/fine-food-australia-news/public-holidays-are-a-test-of-how-well-you-run-your-business/,ok,email,,finefood@divcom.net.au,5. Employsure (employer guide) (adapt: swap the badge for hospitality and public holiday pages),"Your 1 June article on public holidays says hospitality award staff can be paid up to 250% of base wage, and cites one Sydney café's roughly $3,000 extra labour cost for opening on a public holiday.",/hospitality-award-rates/ + /public-holiday-pay/,READY. This is the general address of the event organiser (Diversified Communications) from the contact page. Quote their 250% figure only as theirs; do not restate the rates in the email.
superguide.com.au,https://www.superguide.com.au/super-booster/income-tax-rates-brackets,ok,form,,https://www.superguide.com.au/about-us/contact-us,1. SuperGuide (finance publisher),Your income tax brackets guide (updated 1 July 2026) sets the resident scales side by side from 2016-17 to 2025-26 in its 'Tax rate changes' table.,/australian-tax-and-pay-data/ + /tax-bracket-history/,"READY. General enquiries form; no editorial email is published. The page has its own income tax calculator and a strict copyright notice, so ask only for a 'further data' link."
neurodiversityhub.org,https://www.neurodiversityhub.org/moneybasics,ok,form,,https://www.neurodiversityhub.org/contact,6. Financial Counselling Australia (toolkit for counsellors) (adapt: lead with the broken link),"Week 9 of MoneyBasics lists a pay calculator as its 'Income Tax Calculator (Australia)', and the App Store link under it for the iPhone app now returns a 'not found' page.",/income-tax-calculator/ + /embed/,"READY. Week 9 links paycalculator.com.au plus an App Store link (id660720865) that returned 404 on 9 Oct, while a known-good app link returned 200. Lead with the broken link."
